39,State-gov,77516,Bachelors,13,Never-married,Adm-clerical,Not-in-family,White,Male,2174,0,40,United-States,<=50K
50,Self-emp-not-inc,83311,Bachelors,13,Married-civ-spouse,Exec-managerial,Husband,White,Male,0,0,13,United-States,<=50K
38,Private,215646,HS-grad,9,Divorced,Handlers-cleaners,Not-in-family,White,Male,0,0,40,United-States,<=50K
53,Private,234721,11th,7,Married-civ-spouse,Handlers-cleaners,Husband,Black,Male,0,0,40,United-States,<=50K
28,Private,338409,Bachelors,13,Married-civ-spouse,Prof-specialty,Wife,Black,Female,0,0,40,Cuba,<=50K
37,Private,284582,Masters,14,Married-civ-spouse,Exec-managerial,Wife,White,Female,0,0,40,United-States,<=50K
49,Private,160187,9th,5,Married-spouse-absent,Other-service,Not-in-family,Black,Female,0,0,16,Jamaica,<=50K
52,Self-emp-not-inc,209642,HS-grad,9,Married-civ-spouse,Exec-managerial,Husband,White,Male,0,0,45,United-States,>50K
31,Private,45781,Masters,14,Never-married,Prof-specialty,Not-in-family,White,Female,14084,0,50,United-States,>50K
42,Private,159449,Bachelors,13,Married-civ-spouse,Exec-managerial,Husband,White,Male,5178,0,40,United-States,>50K
37,Private,280464,Some-college,10,Married-civ-spouse,Exec-managerial,Husband,Black,Male,0,0,80,United-States,>50K
30,State-gov,141297,Bachelors,13,Married-civ-spouse,Prof-specialty,Husband,Asian-Pac-Islander,Male,0,0,40,India,>50K
23,Private,122272,Bachelors,13,Never-married,Adm-clerical,Own-child,White,Female,0,0,30,United-States,<=50K
32,Private,205019,Assoc-acdm,12,Never-married,Sales,Not-in-family,Black,Male,0,0,50,United-States,<=50K
40,Private,121772,Assoc-voc,11,Married-civ-spouse,Craft-repair,Husband,Asian-Pac-Islander,Male,0,0,40,?,>50K
34,Private,245487,7th-8th,4,Married-civ-spouse,Transport-moving,Husband,Amer-Indian-Eskimo,Male,0,0,45,Mexico,<=50K
25,Self-emp-not-inc,176756,HS-grad,9,Never-married,Farming-fishing,Own-child,White,Male,0,0,35,United-States,<=50K
32,Private,186824,HS-grad,9,Never-married,Machine-op-inspct,Unmarried,White,Male,0,0,40,United-States,<=50K
38,Private,28887,11th,7,Married-civ-spouse,Sales,Husband,White,Male,0,0,50,United-States,<=50K
43,Self-emp-not-inc,292175,Masters,14,Divorced,Exec-managerial,Unmarried,White,Female,0,0,45,United-States,>50K
40,Private,193524,Doctorate,16,Married-civ-spouse,Prof-specialty,Husband,White,Male,0,0,60,United-States,>50K
54,Private,302146,HS-grad,9,Separated,Other-service,Unmarried,Black,Female,0,0,20,United-States,<=50K
35,Federal-gov,76845,9th,5,Married-civ-spouse,Farming-fishing,Husband,Black,Male,0,0,40,United-States,<=50K
43,Private,117037,11th,7,Married-civ-spouse,Transport-moving,Husband,White,Male,0,2042,40,United-States,<=50K
59,Private,109015,HS-grad,9,Divorced,Tech-support,Unmarried,White,Female,0,0,40,United-States,<=50K
56,Local-gov,216851,Bachelors,13,Married-civ-spouse,Tech-support,Husband,White,Male,0,0,40,United-States,>50K
19,Private,168294,HS-grad,9,Never-married,Craft-repair,Own-child,White,Male,0,0,40,United-States,<=50K
54,?,180211,Some-college,10,Married-civ-spouse,?,Husband,Asian-Pac-Islander,Male,0,0,60,South,>50K
39,Private,367260,HS-grad,9,Divorced,Exec-managerial,Not-in-family,White,Male,0,0,80,United-States,<=50K
49,Private,193366,HS-grad,9,Married-civ-spouse,Craft-repair,Husband,White,Male,0,0,40,United-States,<=50K
23,Local-gov,190709,Assoc-acdm,12,Never-married,Protective-serv,Not-in-family,White,Male,0,0,52,United-States,<=50K
20,Private,266015,Some-college,10,Never-married,Sales,Own-child,Black,Male,0,0,44,United-States,<=50K
45,Private,386940,Bachelors,13,Divorced,Exec-managerial,Own-child,White,Male,0,1408,40,United-States,<=50K
30,Federal-gov,59951,Some-college,10,Married-civ-spouse,Adm-clerical,Own-child,White,Male,0,0,40,United-States,<=50K
22,State-gov,311512,Some-college,10,Married-civ-spouse,Other-service,Husband,Black,Male,0,0,15,United-States,<=50K
48,Private,242406,11th,7,Never-married,Machine-op-inspct,Unmarried,White,Male,0,0,40,Puerto-Rico,<=50K
21,Private,197200,Some-college,10,Never-married,Machine-op-inspct,Own-child,White,Male,0,0,40,United-States,<=50K
19,Private,544091,HS-grad,9,Married-AF-spouse,Adm-clerical,Wife,White,Female,0,0,25,United-States,<=50K
31,Private,84154,Some-college,10,Married-civ-spouse,Sales,Husband,White,Male,0,0,38,?,>50K
48,Self-emp-not-inc,265477,Assoc-acdm,12,Married-civ-spouse,Prof-specialty,Husband,White,Male,0,0,40,United-States,<=50K
31,Private,507875,9th,5,Married-civ-spouse,Machine-op-inspct,Husband,White,Male,0,0,43,United-States,<=50K
53,Self-emp-not-inc,88506,Bachelors,13,Married-civ-spouse,Prof-specialty,Husband,White,Male,0,0,40,United-States,<=50K
24,Private,172987,Bachelors,13,Married-civ-spouse,Tech-support,Husband,White,Male,0,0,50,United-States,<=50K
49,Private,94638,HS-grad,9,Separated,Adm-clerical,Unmarried,White,Female,0,0,40,United-States,<=50K
25,Private,289980,HS-grad,9,Never-married,Handlers-cleaners,Not-in-family,White,Male,0,0,35,United-States,<=50K
57,Federal-gov,337895,Bachelors,13,Married-civ-spouse,Prof-specialty,Husband,Black,Male,0,0,40,United-States,>50K
53,Private,144361,HS-grad,9,Married-civ-spouse,Machine-op-inspct,Husband,White,Male,0,0,38,United-States,<=50K
44,Private,128354,Masters,14,Divorced,Exec-managerial,Unmarried,White,Female,0,0,40,United-States,<=50K
41,State-gov,101603,Assoc-voc,11,Married-civ-spouse,Craft-repair,Husband,White,Male,0,0,40,United-States,<=50K
29,Private,271466,Assoc-voc,11,Never-married,Prof-specialty,Not-in-family,White,Male,0,0,43,United-States,<=50K
25,Private,32275,Some-college,10,Married-civ-spouse,Exec-managerial,Wife,Other,Female,0,0,40,United-States,<=50K
18,Private,226956,HS-grad,9,Never-married,Other-service,Own-child,White,Female,0,0,30,?,<=50K
47,Private,51835,Prof-school,15,Married-civ-spouse,Prof-specialty,Wife,White,Female,0,1902,60,Honduras,>50K
50,Federal-gov,251585,Bachelors,13,Divorced,Exec-managerial,Not-in-family,White,Male,0,0,55,United-States,>50K
47,Self-emp-inc,109832,HS-grad,9,Divorced,Exec-managerial,Not-in-family,White,Male,0,0,60,United-States,<=50K
43,Private,237993,Some-college,10,Married-civ-spouse,Tech-support,Husband,White,Male,0,0,40,United-States,>50K
46,Private,216666,5th-6th,3,Married-civ-spouse,Machine-op-inspct,Husband,White,Male,0,0,40,Mexico,<=50K
35,Private,56352,Assoc-voc,11,Married-civ-spouse,Other-service,Husband,White,Male,0,0,40,Puerto-Rico,<=50K
41,Private,147372,HS-grad,9,Married-civ-spouse,Adm-clerical,Husband,White,Male,0,0,48,United-States,<=50K
30,Private,188146,HS-grad,9,Married-civ-spouse,Machine-op-inspct,Husband,White,Male,5013,0,40,United-States,<=50K
30,Private,59496,Bachelors,13,Married-civ-spouse,Sales,Husband,White,Male,2407,0,40,United-States,<=50K
32,?,293936,7th-8th,4,Married-spouse-absent,?,Not-in-family,White,Male,0,0,40,?,<=50K
48,Private,149640,HS-grad,9,Married-civ-spouse,Transport-moving,Husband,White,Male,0,0,40,United-States,<=50K
42,Private,116632,Doctorate,16,Married-civ-spouse,Prof-specialty,Husband,White,Male,0,0,45,United-States,>50K
29,Private,105598,Some-college,10,Divorced,Tech-support,Not-in-family,White,Male,0,0,58,United-States,<=50K
36,Private,155537,HS-grad,9,Married-civ-spouse,Craft-repair,Husband,White,Male,0,0,40,United-States,<=50K
28,Private,183175,Some-college,10,Divorced,Adm-clerical,Not-in-family,White,Female,0,0,40,United-States,<=50K
53,Private,169846,HS-grad,9,Married-civ-spouse,Adm-clerical,Wife,White,Female,0,0,40,United-States,>50K
49,Self-emp-inc,191681,Some-college,10,Married-civ-spouse,Exec-managerial,Husband,White,Male,0,0,50,United-States,>50K
25,?,200681,Some-college,10,Never-married,?,Own-child,White,Male,0,0,40,United-States,<=50K
19,Private,101509,Some-college,10,Never-married,Prof-specialty,Own-child,White,Male,0,0,32,United-States,<=50K
31,Private,309974,Bachelors,13,Separated,Sales,Own-child,Black,Female,0,0,40,United-States,<=50K
29,Self-emp-not-inc,162298,Bachelors,13,Married-civ-spouse,Sales,Husband,White,Male,0,0,70,United-States,>50K
23,Private,211678,Some-college,10,Never-married,Machine-op-inspct,Not-in-family,White,Male,0,0,40,United-States,<=50K
79,Private,124744,Some-college,10,Married-civ-spouse,Prof-specialty,Other-relative,White,Male,0,0,20,United-States,<=50K
27,Private,213921,HS-grad,9,Never-married,Other-service,Own-child,White,Male,0,0,40,Mexico,<=50K
40,Private,32214,Assoc-acdm,12,Married-civ-spouse,Adm-clerical,Husband,White,Male,0,0,40,United-States,<=50K
67,?,212759,10th,6,Married-civ-spouse,?,Husband,White,Male,0,0,2,United-States,<=50K
18,Private,309634,11th,7,Never-married,Other-service,Own-child,White,Female,0,0,22,United-States,<=50K
31,Local-gov,125927,7th-8th,4,Married-civ-spouse,Farming-fishing,Husband,White,Male,0,0,40,United-States,<=50K
18,Private,446839,HS-grad,9,Never-married,Sales,Not-in-family,White,Male,0,0,30,United-States,<=50K
52,Private,276515,Bachelors,13,Married-civ-spouse,Other-service,Husband,White,Male,0,0,40,Cuba,<=50K
46,Private,51618,HS-grad,9,Married-civ-spouse,Other-service,Wife,White,Female,0,0,40,United-States,<=50K
59,Private,159937,HS-grad,9,Married-civ-spouse,Sales,Husband,White,Male,0,0,48,United-States,<=50K
44,Private,343591,HS-grad,9,Divorced,Craft-repair,Not-in-family,White,Female,14344,0,40,United-States,>50K
53,Private,346253,HS-grad,9,Divorced,Sales,Own-child,White,Female,0,0,35,United-States,<=50K
49,Local-gov,268234,HS-grad,9,Married-civ-spouse,Protective-serv,Husband,White,Male,0,0,40,United-States,>50K
33,Private,202051,Masters,14,Married-civ-spouse,Prof-specialty,Husband,White,Male,0,0,50,United-States,<=50K
30,Private,54334,9th,5,Never-married,Sales,Not-in-family,White,Male,0,0,40,United-States,<=50K
43,Federal-gov,410867,Doctorate,16,Never-married,Prof-specialty,Not-in-family,White,Female,0,0,50,United-States,>50K
57,Private,249977,Assoc-voc,11,Married-civ-spouse,Prof-specialty,Husband,White,Male,0,0,40,United-States,<=50K
37,Private,286730,Some-college,10,Divorced,Craft-repair,Unmarried,White,Female,0,0,40,United-States,<=50K
28,Private,212563,Some-college,10,Divorced,Machine-op-inspct,Unmarried,Black,Female,0,0,25,United-States,<=50K
30,Private,117747,HS-grad,9,Married-civ-spouse,Sales,Wife,Asian-Pac-Islander,Female,0,1573,35,?,<=50K
34,Local-gov,226296,Bachelors,13,Married-civ-spouse,Protective-serv,Husband,White,Male,0,0,40,United-States,>50K
29,Local-gov,115585,Some-college,10,Never-married,Handlers-cleaners,Not-in-family,White,Male,0,0,50,United-States,<=50K
48,Self-emp-not-inc,191277,Doctorate,16,Married-civ-spouse,Prof-specialty,Husband,White,Male,0,1902,60,United-States,>50K
37,Private,202683,Some-college,10,Married-civ-spouse,Sales,Husband,White,Male,0,0,48,United-States,>50K
48,Private,171095,Assoc-acdm,12,Divorced,Exec-managerial,Unmarried,White,Female,0,0,40,England,<=50K
32,Federal-gov,249409,HS-grad,9,Never-married,Other-service,Own-child,Black,Male,0,0,40,United-States,<=50K
76,Private,124191,Masters,14,Married-civ-spouse,Exec-managerial,Husband,White,Male,0,0,40,United-States,>50K
44,Private,198282,Bachelors,13,Married-civ-spouse,Exec-managerial,Husband,White,Male,15024,0,60,United-States,>50K
47,Self-emp-not-inc,149116,Masters,14,Never-married,Prof-specialty,Not-in-family,White,Female,0,0,50,United-States,<=50K
20,Private,188300,Some-college,10,Never-married,Tech-support,Own-child,White,Female,0,0,40,United-States,<=50K
29,Private,103432,HS-grad,9,Never-married,Craft-repair,Not-in-family,White,Male,0,0,40,United-States,<=50K
32,Self-emp-inc,317660,HS-grad,9,Married-civ-spouse,Craft-repair,Husband,White,Male,7688,0,40,United-States,>50K
17,?,304873,10th,6,Never-married,?,Own-child,White,Female,34095,0,32,United-States,<=50K
30,Private,194901,11th,7,Never-married,Handlers-cleaners,Own-child,White,Male,0,0,40,United-States,<=50K
31,Local-gov,189265,HS-grad,9,Never-married,Adm-clerical,Not-in-family,White,Female,0,0,40,United-States,<=50K
42,Private,124692,HS-grad,9,Married-civ-spouse,Handlers-cleaners,Husband,White,Male,0,0,40,United-States,<=50K
24,Private,432376,Bachelors,13,Never-married,Sales,Other-relative,White,Male,0,0,40,United-States,<=50K
38,Private,65324,Prof-school,15,Married-civ-spouse,Prof-specialty,Husband,White,Male,0,0,40,United-States,>50K
56,Self-emp-not-inc,335605,HS-grad,9,Married-civ-spouse,Other-service,Husband,White,Male,0,1887,50,Canada,>50K
28,Private,377869,Some-college,10,Married-civ-spouse,Sales,Wife,White,Female,4064,0,25,United-States,<=50K
36,Private,102864,HS-grad,9,Never-married,Machine-op-inspct,Own-child,White,Female,0,0,40,United-States,<=50K
53,Private,95647,9th,5,Married-civ-spouse,Handlers-cleaners,Husband,White,Male,0,0,50,United-States,<=50K
56,Self-emp-inc,303090,Some-college,10,Married-civ-spouse,Sales,Husband,White,Male,0,0,50,United-States,<=50K
49,Local-gov,197371,Assoc-voc,11,Married-civ-spouse,Craft-repair,Husband,Black,Male,0,0,40,United-States,>50K
55,Private,247552,Some-college,10,Married-civ-spouse,Sales,Husband,White,Male,0,0,56,United-States,<=50K
22,Private,102632,HS-grad,9,Never-married,Craft-repair,Not-in-family,White,Male,0,0,41,United-States,<=50K
21,Private,199915,Some-college,10,Never-married,Other-service,Own-child,White,Female,0,0,40,United-States,<=50K
40,Private,118853,Bachelors,13,Married-civ-spouse,Exec-managerial,Husband,White,Male,0,0,60,United-States,<=50K
30,Private,77143,Bachelors,13,Never-married,Exec-managerial,Own-child,Black,Male,0,0,40,Germany,<=50K
29,State-gov,267989,Bachelors,13,Married-civ-spouse,Prof-specialty,Husband,White,Male,0,0,50,United-States,>50K
19,Private,301606,Some-college,10,Never-married,Other-service,Own-child,Black,Male,0,0,35,United-States,<=50K
47,Private,287828,Bachelors,13,Married-civ-spouse,Exec-managerial,Wife,White,Female,0,0,40,United-States,>50K
20,Private,111697,Some-college,10,Never-married,Adm-clerical,Own-child,White,Female,0,1719,28,United-States,<=50K
31,Private,114937,Assoc-acdm,12,Married-civ-spouse,Adm-clerical,Husband,White,Male,0,0,40,United-States,>50K
35,?,129305,HS-grad,9,Married-civ-spouse,?,Husband,White,Male,0,0,40,United-States,<=50K
39,Private,365739,Some-college,10,Divorced,Craft-repair,Not-in-family,White,Male,0,0,40,United-States,<=50K
28,Private,69621,Assoc-acdm,12,Never-married,Sales,Not-in-family,White,Female,0,0,60,United-States,<=50K
24,Private,43323,HS-grad,9,Never-married,Other-service,Not-in-family,White,Female,0,1762,40,United-States,<=50K
38,Self-emp-not-inc,120985,HS-grad,9,Married-civ-spouse,Craft-repair,Husband,White,Male,4386,0,35,United-States,<=50K
37,Private,254202,Bachelors,13,Married-civ-spouse,Sales,Husband,White,Male,0,0,50,United-States,<=50K
46,Private,146195,Assoc-acdm,12,Divorced,Tech-support,Not-in-family,Black,Female,0,0,36,United-States,<=50K
38,Federal-gov,125933,Masters,14,Married-civ-spouse,Prof-specialty,Husband,White,Male,0,0,40,Iran,>50K
43,Self-emp-not-inc,56920,HS-grad,9,Married-civ-spouse,Craft-repair,Husband,White,Male,0,0,60,United-States,<=50K
27,Private,163127,Assoc-voc,11,Married-civ-spouse,Adm-clerical,Wife,White,Female,0,0,35,United-States,<=50K
20,Private,34310,Some-college,10,Never-married,Sales,Own-child,White,Male,0,0,20,United-States,<=50K
49,Private,81973,Some-college,10,Married-civ-spouse,Craft-repair,Husband,Asian-Pac-Islander,Male,0,0,40,United-States,>50K
61,Self-emp-inc,66614,HS-grad,9,Married-civ-spouse,Craft-repair,Husband,White,Male,0,0,40,United-States,<=50K
27,Private,232782,Some-college,10,Never-married,Sales,Own-child,White,Female,0,0,40,United-States,<=50K
19,Private,316868,Some-college,10,Never-married,Other-service,Own-child,White,Male,0,0,30,Mexico,<=50K
45,Private,196584,Assoc-voc,11,Never-married,Prof-specialty,Not-in-family,White,Female,0,1564,40,United-States,>50K
70,Private,105376,Some-college,10,Never-married,Tech-support,Other-relative,White,Male,0,0,40,United-States,<=50K
31,Private,185814,HS-grad,9,Never-married,Transport-moving,Unmarried,Black,Female,0,0,30,United-States,<=50K
22,Private,175374,Some-college,10,Married-civ-spouse,Other-service,Husband,White,Male,0,0,24,United-States,<=50K
36,Private,108293,HS-grad,9,Widowed,Other-service,Unmarried,White,Female,0,0,24,United-States,<=50K
64,Private,181232,11th,7,Married-civ-spouse,Craft-repair,Husband,White,Male,0,2179,40,United-States,<=50K
43,?,174662,Some-college,10,Divorced,?,Not-in-family,White,Female,0,0,40,United-States,<=50K
47,Local-gov,186009,Some-college,10,Divorced,Adm-clerical,Unmarried,White,Female,0,0,38,Mexico,<=50K
34,Private,198183,HS-grad,9,Never-married,Adm-clerical,Not-in-family,White,Female,0,0,40,United-States,<=50K
33,Private,163003,Bachelors,13,Never-married,Exec-managerial,Other-relative,Asian-Pac-Islander,Female,0,0,40,Philippines,<=50K
21,Private,296158,HS-grad,9,Never-married,Craft-repair,Own-child,White,Male,0,0,35,United-States,<=50K
52,?,252903,HS-grad,9,Divorced,?,Not-in-family,White,Male,0,0,45,United-States,>50K
48,Private,187715,HS-grad,9,Married-civ-spouse,Craft-repair,Husband,White,Male,0,0,46,United-States,<=50K
23,Private,214542,Bachelors,13,Never-married,Handlers-cleaners,Not-in-family,White,Male,0,0,40,United-States,<=50K
71,Self-emp-not-inc,494223,Some-college,10,Separated,Sales,Unmarried,Black,Male,0,1816,2,United-States,<=50K
29,Private,191535,HS-grad,9,Divorced,Craft-repair,Not-in-family,White,Male,0,0,60,United-States,<=50K
42,Private,228456,Bachelors,13,Separated,Other-service,Other-relative,Black,Male,0,0,50,United-States,<=50K
68,?,38317,1st-4th,2,Divorced,?,Not-in-family,White,Female,0,0,20,United-States,<=50K
25,Private,252752,HS-grad,9,Never-married,Other-service,Unmarried,White,Female,0,0,40,United-States,<=50K
44,Self-emp-inc,78374,Masters,14,Divorced,Exec-managerial,Unmarried,Asian-Pac-Islander,Female,0,0,40,United-States,<=50K
28,Private,88419,HS-grad,9,Never-married,Exec-managerial,Not-in-family,Asian-Pac-Islander,Female,0,0,40,England,<=50K
45,Self-emp-not-inc,201080,Masters,14,Married-civ-spouse,Sales,Husband,White,Male,0,0,40,United-States,>50K
36,Private,207157,Some-college,10,Divorced,Other-service,Unmarried,White,Female,0,0,40,Mexico,<=50K
39,Federal-gov,235485,Assoc-acdm,12,Never-married,Exec-managerial,Not-in-family,White,Male,0,0,42,United-States,<=50K
46,State-gov,102628,Masters,14,Widowed,Protective-serv,Unmarried,White,Male,0,0,40,United-States,<=50K
18,Private,25828,11th,7,Never-married,Handlers-cleaners,Own-child,White,Male,0,0,16,United-States,<=50K
66,Local-gov,54826,Assoc-voc,11,Widowed,Prof-specialty,Not-in-family,White,Female,0,0,20,United-States,<=50K
27,Private,124953,HS-grad,9,Never-married,Other-service,Not-in-family,White,Male,0,1980,40,United-States,<=50K
28,State-gov,175325,HS-grad,9,Married-civ-spouse,Protective-serv,Husband,White,Male,0,0,40,United-States,<=50K
51,Private,96062,Some-college,10,Married-civ-spouse,Sales,Husband,White,Male,0,1977,40,United-States,>50K
27,Private,428030,Bachelors,13,Never-married,Craft-repair,Not-in-family,White,Male,0,0,50,United-States,<=50K
28,State-gov,149624,Bachelors,13,Married-civ-spouse,Prof-specialty,Husband,White,Male,0,0,40,United-States,>50K
27,Private,253814,HS-grad,9,Married-spouse-absent,Sales,Unmarried,White,Female,0,0,25,United-States,<=50K
21,Private,312956,HS-grad,9,Never-married,Craft-repair,Own-child,Black,Male,0,0,40,United-States,<=50K
34,Private,483777,HS-grad,9,Never-married,Handlers-cleaners,Not-in-family,Black,Male,0,0,40,United-States,<=50K
18,Private,183930,HS-grad,9,Never-married,Other-service,Own-child,White,Male,0,0,12,United-States,<=50K
33,Private,37274,Bachelors,13,Married-civ-spouse,Prof-specialty,Husband,White,Male,0,0,65,United-States,<=50K
44,Local-gov,181344,Some-college,10,Married-civ-spouse,Exec-managerial,Husband,Black,Male,0,0,38,United-States,>50K
43,Private,114580,Some-college,10,Divorced,Adm-clerical,Not-in-family,White,Female,0,0,40,United-States,<=50K
30,Private,633742,Some-college,10,Never-married,Craft-repair,Not-in-family,Black,Male,0,0,45,United-States,<=50K
40,Private,286370,7th-8th,4,Married-civ-spouse,Machine-op-inspct,Husband,White,Male,0,0,40,Mexico,>50K
37,Federal-gov,29054,Some-college,10,Married-civ-spouse,Adm-clerical,Husband,White,Male,0,0,42,United-States,>50K
34,Private,304030,HS-grad,9,Married-civ-spouse,Adm-clerical,Husband,Black,Male,0,0,40,United-States,<=50K
41,Self-emp-not-inc,143129,Bachelors,13,Divorced,Exec-managerial,Not-in-family,White,Female,0,0,40,United-States,<=50K
53,?,135105,Bachelors,13,Divorced,?,Not-in-family,White,Female,0,0,50,United-States,<=50K
31,Private,99928,Masters,14,Married-civ-spouse,Prof-specialty,Wife,White,Female,0,0,50,United-States,<=50K
58,State-gov,109567,Doctorate,16,Married-civ-spouse,Prof-specialty,Husband,White,Male,0,0,1,United-States,>50K
38,Private,155222,Some-college,10,Divorced,Machine-op-inspct,Not-in-family,Black,Female,0,0,28,United-States,<=50K
24,Private,159567,Some-college,10,Married-civ-spouse,Machine-op-inspct,Husband,White,Male,0,0,40,United-States,<=50K
41,Local-gov,523910,Bachelors,13,Married-civ-spouse,Craft-repair,Husband,Black,Male,0,0,40,United-States,<=50K
47,Private,120939,Some-college,10,Married-civ-spouse,Tech-support,Husband,White,Male,0,0,45,United-States,<=50K
41,Federal-gov,130760,Bachelors,13,Married-civ-spouse,Tech-support,Husband,White,Male,0,0,24,United-States,<=50K
23,Private,197387,5th-6th,3,Married-civ-spouse,Transport-moving,Other-relative,White,Male,0,0,40,Mexico,<=50K
36,Private,99374,Some-college,10,Divorced,Craft-repair,Not-in-family,White,Male,0,0,40,United-States,<=50K
40,Federal-gov,56795,Masters,14,Never-married,Exec-managerial,Not-in-family,White,Female,14084,0,55,United-States,>50K
35,Private,138992,Masters,14,Married-civ-spouse,Prof-specialty,Other-relative,White,Male,7298,0,40,United-States,>50K
24,Self-emp-not-inc,32921,HS-grad,9,Never-married,Sales,Not-in-family,White,Male,0,0,40,United-States,<=50K
26,Private,397317,Masters,14,Never-married,Prof-specialty,Not-in-family,White,Female,0,1876,40,United-States,<=50K
19,?,170653,HS-grad,9,Never-married,?,Own-child,White,Male,0,0,40,Italy,<=50K
51,Private,259323,Bachelors,13,Married-civ-spouse,Exec-managerial,Husband,White,Male,0,0,50,United-States,>50K
42,Local-gov,254817,Some-college,10,Never-married,Prof-specialty,Not-in-family,White,Female,0,1340,40,United-States,<=50K
37,State-gov,48211,HS-grad,9,Divorced,Adm-clerical,Unmarried,White,Female,0,0,35,United-States,<=50K
18,Private,140164,11th,7,Never-married,Sales,Own-child,White,Female,0,0,40,United-States,<=50K
36,Private,128757,Bachelors,13,Married-civ-spouse,Other-service,Husband,Black,Male,7298,0,36,United-States,>50K
35,Private,36270,HS-grad,9,Divorced,Craft-repair,Not-in-family,White,Male,0,0,60,United-States,<=50K
58,Self-emp-inc,210563,HS-grad,9,Married-civ-spouse,Sales,Wife,White,Female,15024,0,35,United-States,>50K
17,Private,65368,11th,7,Never-married,Sales,Own-child,White,Female,0,0,12,United-States,<=50K
44,Local-gov,160943,HS-grad,9,Married-civ-spouse,Transport-moving,Husband,Black,Male,0,0,40,United-States,<=50K
37,Private,208358,HS-grad,9,Married-civ-spouse,Craft-repair,Husband,White,Male,0,0,40,United-States,>50K
35,Private,153790,Some-college,10,Never-married,Sales,Not-in-family,Amer-Indian-Eskimo,Female,0,0,40,United-States,<=50K
60,Private,85815,HS-grad,9,Married-civ-spouse,Craft-repair,Husband,Asian-Pac-Islander,Male,0,0,40,United-States,<=50K
54,Self-emp-inc,125417,7th-8th,4,Married-civ-spouse,Machine-op-inspct,Husband,White,Male,0,0,40,United-States,>50K
37,Private,635913,Bachelors,13,Never-married,Exec-managerial,Not-in-family,Black,Male,0,0,60,United-States,>50K
50,Private,313321,Assoc-acdm,12,Divorced,Sales,Not-in-family,White,Female,0,0,40,United-States,<=50K
38,Private,182609,Bachelors,13,Married-civ-spouse,Sales,Husband,White,Male,0,0,50,Poland,<=50K
45,Private,109434,Bachelors,13,Married-civ-spouse,Prof-specialty,Husband,White,Male,0,0,55,United-States,<=50K
25,Private,255004,10th,6,Never-married,Craft-repair,Not-in-family,White,Male,0,0,40,United-States,<=50K
31,Private,197860,Some-college,10,Married-civ-spouse,Handlers-cleaners,Husband,White,Male,0,0,40,United-States,<=50K
64,?,187656,1st-4th,2,Divorced,?,Not-in-family,White,Male,0,0,40,United-States,<=50K
90,Private,51744,HS-grad,9,Never-married,Other-service,Not-in-family,Black,Male,0,2206,40,United-States,<=50K
54,Private,176681,HS-grad,9,Married-civ-spouse,Adm-clerical,Husband,Black,Male,0,0,20,United-States,<=50K
53,Local-gov,140359,Preschool,1,Never-married,Machine-op-inspct,Not-in-family,White,Female,0,0,35,United-States,<=50K
18,Private,243313,HS-grad,9,Never-married,Sales,Own-child,White,Female,0,0,40,United-States,<=50K
60,?,24215,10th,6,Divorced,?,Not-in-family,Amer-Indian-Eskimo,Female,0,0,10,United-States,<=50K
66,Self-emp-not-inc,167687,HS-grad,9,Married-civ-spouse,Farming-fishing,Husband,White,Male,1409,0,50,United-States,<=50K
75,Private,314209,Assoc-voc,11,Widowed,Adm-clerical,Not-in-family,White,Female,0,0,20,Columbia,<=50K
65,Private,176796,HS-grad,9,Divorced,Adm-clerical,Not-in-family,White,Female,0,0,40,United-States,<=50K
35,Private,538583,11th,7,Separated,Transport-moving,Not-in-family,Black,Male,3674,0,40,United-States,<=50K
41,Private,130408,HS-grad,9,Divorced,Sales,Unmarried,Black,Female,0,0,38,United-States,<=50K
25,Private,159732,Some-college,10,Never-married,Adm-clerical,Not-in-family,White,Male,0,0,42,United-States,<=50K
33,Private,110978,Some-college,10,Divorced,Craft-repair,Other-relative,Other,Female,0,0,40,United-States,<=50K
28,Private,76714,Prof-school,15,Never-married,Prof-specialty,Not-in-family,White,Male,0,0,55,United-States,>50K
59,State-gov,268700,HS-grad,9,Married-civ-spouse,Other-service,Husband,White,Male,0,0,40,United-States,<=50K
40,State-gov,170525,Some-college,10,Never-married,Adm-clerical,Not-in-family,White,Female,0,0,38,United-States,<=50K
41,Private,180138,Bachelors,13,Married-civ-spouse,Exec-managerial,Husband,White,Male,0,0,50,Iran,>50K
38,Local-gov,115076,Masters,14,Married-civ-spouse,Exec-managerial,Husband,White,Male,0,0,70,United-States,>50K
23,Private,115458,HS-grad,9,Never-married,Transport-moving,Own-child,White,Male,0,0,40,United-States,<=50K
40,Private,347890,Bachelors,13,Married-civ-spouse,Prof-specialty,Husband,White,Male,0,0,40,United-States,>50K
41,Self-emp-not-inc,196001,HS-grad,9,Married-civ-spouse,Other-service,Wife,White,Female,0,0,20,United-States,<=50K
24,State-gov,273905,Assoc-acdm,12,Married-civ-spouse,Protective-serv,Husband,White,Male,0,0,50,United-States,<=50K
20,?,119156,Some-college,10,Never-married,?,Own-child,White,Male,0,0,20,United-States,<=50K
38,Private,179488,Some-college,10,Divorced,Craft-repair,Not-in-family,White,Male,0,1741,40,United-States,<=50K
56,Private,203580,HS-grad,9,Married-civ-spouse,Adm-clerical,Husband,White,Male,0,0,35,?,<=50K
58,Private,236596,HS-grad,9,Married-civ-spouse,Adm-clerical,Husband,White,Male,0,0,45,United-States,>50K
32,Private,183916,HS-grad,9,Never-married,Other-service,Not-in-family,White,Female,0,0,34,United-States,<=50K
40,Private,207578,Assoc-acdm,12,Married-civ-spouse,Tech-support,Husband,White,Male,0,1977,60,United-States,>50K
45,Private,153141,HS-grad,9,Married-civ-spouse,Adm-clerical,Husband,White,Male,0,0,40,?,<=50K
41,Private,112763,Prof-school,15,Married-civ-spouse,Prof-specialty,Wife,White,Female,0,0,40,United-States,>50K
42,Private,390781,Bachelors,13,Married-civ-spouse,Adm-clerical,Wife,Black,Female,0,0,40,United-States,<=50K
59,Local-gov,171328,10th,6,Widowed,Other-service,Unmarried,Black,Female,0,0,30,United-States,<=50K
19,Local-gov,27382,Some-college,10,Never-married,Adm-clerical,Own-child,White,Male,0,0,40,United-States,<=50K
58,Private,259014,Some-college,10,Never-married,Transport-moving,Not-in-family,White,Male,0,0,20,United-States,<=50K
42,Self-emp-not-inc,303044,HS-grad,9,Married-civ-spouse,Farming-fishing,Husband,Asian-Pac-Islander,Male,0,0,40,Cambodia,>50K
20,Private,117789,HS-grad,9,Never-married,Other-service,Own-child,White,Female,0,0,40,United-States,<=50K
32,Private,172579,HS-grad,9,Separated,Other-service,Not-in-family,White,Female,0,0,30,United-States,<=50K
45,Private,187666,Assoc-voc,11,Widowed,Exec-managerial,Not-in-family,White,Female,0,0,45,United-States,<=50K
50,Private,204518,7th-8th,4,Divorced,Craft-repair,Not-in-family,White,Male,0,0,40,United-States,<=50K
36,Private,150042,Bachelors,13,Divorced,Prof-specialty,Own-child,White,Female,0,0,40,United-States,<=50K
45,Private,98092,HS-grad,9,Married-civ-spouse,Sales,Husband,White,Male,0,0,60,United-States,<=50K
17,Private,245918,11th,7,Never-married,Other-service,Own-child,White,Male,0,0,12,United-States,<=50K
59,Private,146013,Some-college,10,Married-civ-spouse,Sales,Husband,White,Male,4064,0,40,United-States,<=50K
26,Private,378322,11th,7,Married-civ-spouse,Craft-repair,Husband,White,Male,0,0,40,United-States,<=50K
37,Self-emp-inc,257295,Some-college,10,Married-civ-spouse,Exec-managerial,Husband,Asian-Pac-Islander,Male,0,0,75,Thailand,>50K
19,?,218956,Some-college,10,Never-married,?,Own-child,White,Male,0,0,24,Canada,<=50K
64,Private,21174,HS-grad,9,Married-civ-spouse,Exec-managerial,Husband,White,Male,0,0,40,United-States,>50K
33,Private,185480,Bachelors,13,Never-married,Prof-specialty,Not-in-family,White,Female,0,0,45,United-States,<=50K
33,Private,222205,HS-grad,9,Married-civ-spouse,Craft-repair,Wife,White,Female,0,0,40,United-States,>50K
61,Private,69867,HS-grad,9,Married-civ-spouse,Exec-managerial,Husband,White,Male,0,0,40,United-States,>50K
17,Private,191260,9th,5,Never-married,Other-service,Own-child,White,Male,1055,0,24,United-States,<=50K
50,Self-emp-not-inc,30653,Masters,14,Married-civ-spouse,Farming-fishing,Husband,White,Male,2407,0,98,United-States,<=50K
27,Local-gov,209109,Masters,14,Never-married,Prof-specialty,Own-child,White,Male,0,0,35,United-States,<=50K
30,Private,70377,HS-grad,9,Divorced,Prof-specialty,Own-child,White,Female,0,0,40,United-States,<=50K
43,Private,477983,HS-grad,9,Married-civ-spouse,Handlers-cleaners,Husband,Black,Male,0,0,40,United-States,<=50K
44,Private,170924,Some-college,10,Married-civ-spouse,Craft-repair,Husband,White,Male,7298,0,40,United-States,>50K
35,Private,190174,Some-college,10,Never-married,Exec-managerial,Not-in-family,White,Female,0,0,40,United-States,<=50K
25,Private,193787,Some-college,10,Never-married,Tech-support,Own-child,White,Female,0,0,40,United-States,<=50K
24,Private,279472,Some-college,10,Married-civ-spouse,Machine-op-inspct,Wife,White,Female,7298,0,48,United-States,>50K
22,Private,34918,Bachelors,13,Never-married,Prof-specialty,Not-in-family,White,Female,0,0,15,Germany,<=50K
42,Local-gov,97688,Some-college,10,Married-civ-spouse,Craft-repair,Husband,White,Male,5178,0,40,United-States,>50K
34,Private,175413,Assoc-acdm,12,Divorced,Sales,Unmarried,Black,Female,0,0,45,United-States,<=50K
60,Private,173960,Bachelors,13,Divorced,Prof-specialty,Not-in-family,White,Female,0,0,42,United-States,<=50K
21,Private,205759,HS-grad,9,Never-married,Handlers-cleaners,Own-child,White,Male,0,0,40,United-States,<=50K
57,Federal-gov,425161,Masters,14,Married-civ-spouse,Sales,Husband,White,Male,15024,0,40,United-States,>50K
41,Private,220531,Prof-school,15,Married-civ-spouse,Prof-specialty,Husband,White,Male,0,0,60,United-States,>50K
50,Private,176609,Some-college,10,Divorced,Other-service,Not-in-family,White,Male,0,0,45,United-States,<=50K
25,Private,371987,Bachelors,13,Never-married,Exec-managerial,Not-in-family,White,Female,0,0,40,United-States,<=50K
50,Private,193884,7th-8th,4,Married-civ-spouse,Craft-repair,Husband,White,Male,0,0,40,Ecuador,<=50K
36,Private,200352,Bachelors,13,Married-civ-spouse,Prof-specialty,Husband,White,Male,0,0,45,United-States,<=50K
31,Private,127595,HS-grad,9,Divorced,Prof-specialty,Not-in-family,White,Female,0,0,40,United-States,<=50K
29,Local-gov,220419,Bachelors,13,Never-married,Protective-serv,Not-in-family,White,Male,0,0,56,United-States,<=50K
21,Private,231931,Some-college,10,Never-married,Sales,Own-child,White,Male,0,0,45,United-States,<=50K
27,Private,248402,Bachelors,13,Never-married,Tech-support,Unmarried,Black,Female,0,0,40,United-States,<=50K
65,Private,111095,HS-grad,9,Married-civ-spouse,Transport-moving,Husband,White,Male,0,0,16,United-States,<=50K
37,Self-emp-inc,57424,Bachelors,13,Divorced,Sales,Not-in-family,White,Female,0,0,60,United-States,<=50K
39,?,157443,Masters,14,Married-civ-spouse,?,Wife,Asian-Pac-Islander,Female,3464,0,40,?,<=50K
24,Private,278130,HS-grad,9,Never-married,Craft-repair,Own-child,White,Male,0,0,40,United-States,<=50K
38,Private,169469,HS-grad,9,Divorced,Sales,Not-in-family,White,Male,0,0,80,United-States,<=50K
48,Private,146268,Bachelors,13,Married-civ-spouse,Adm-clerical,Husband,White,Male,7688,0,40,United-States,>50K
21,Private,153718,Some-college,10,Never-married,Other-service,Not-in-family,Asian-Pac-Islander,Female,0,0,25,United-States,<=50K
31,Private,217460,HS-grad,9,Married-civ-spouse,Transport-moving,Husband,White,Male,0,0,45,United-States,>50K
55,Private,238638,HS-grad,9,Married-civ-spouse,Sales,Husband,White,Male,4386,0,40,United-States,>50K
24,Private,303296,Some-college,10,Married-civ-spouse,Adm-clerical,Wife,Asian-Pac-Islander,Female,0,0,40,Laos,<=50K
43,Private,173321,HS-grad,9,Divorced,Adm-clerical,Not-in-family,White,Female,0,0,40,United-States,<=50K
26,Private,193945,Assoc-acdm,12,Never-married,Tech-support,Not-in-family,White,Male,0,0,45,United-States,<=50K
46,Private,83082,Assoc-acdm,12,Never-married,Prof-specialty,Not-in-family,White,Female,0,0,33,United-States,<=50K
35,Private,193815,Assoc-acdm,12,Married-civ-spouse,Adm-clerical,Husband,White,Male,0,0,40,United-States,>50K
41,Self-emp-inc,34987,Some-college,10,Married-civ-spouse,Farming-fishing,Husband,White,Male,0,0,54,United-States,>50K
26,Private,59306,Bachelors,13,Never-married,Sales,Not-in-family,White,Male,0,0,40,United-States,<=50K
34,Private,142897,Masters,14,Married-civ-spouse,Exec-managerial,Husband,Asian-Pac-Islander,Male,7298,0,35,Taiwan,>50K
19,?,860348,Some-college,10,Never-married,?,Own-child,Black,Female,0,0,25,United-States,<=50K
36,Self-emp-not-inc,205607,Bachelors,13,Divorced,Prof-specialty,Not-in-family,Black,Female,0,0,40,United-States,>50K
22,Private,199698,Some-college,10,Never-married,Sales,Own-child,White,Male,0,0,15,United-States,<=50K
24,Private,191954,Some-college,10,Never-married,Machine-op-inspct,Not-in-family,White,Male,0,0,40,United-States,<=50K
77,Self-emp-not-inc,138714,Some-college,10,Married-civ-spouse,Sales,Husband,White,Male,0,0,40,United-States,<=50K
22,Private,399087,5th-6th,3,Married-civ-spouse,Machine-op-inspct,Other-relative,White,Female,0,0,40,Mexico,<=50K
29,Private,423158,Some-college,10,Never-married,Tech-support,Not-in-family,White,Female,0,0,40,United-States,<=50K
62,Private,159841,HS-grad,9,Widowed,Other-service,Not-in-family,White,Female,0,0,24,United-States,<=50K
39,Self-emp-not-inc,174308,HS-grad,9,Married-civ-spouse,Exec-managerial,Husband,White,Male,0,0,40,United-States,<=50K
43,Private,50356,Some-college,10,Married-civ-spouse,Craft-repair,Husband,White,Male,0,1485,50,United-States,<=50K
35,Private,186110,HS-grad,9,Divorced,Transport-moving,Not-in-family,White,Male,0,0,45,United-States,<=50K
29,Private,200381,11th,7,Never-married,Exec-managerial,Not-in-family,White,Female,0,0,40,United-States,<=50K
76,Self-emp-not-inc,174309,Masters,14,Married-civ-spouse,Craft-repair,Husband,White,Male,0,0,10,United-States,<=50K
63,Self-emp-not-inc,78383,HS-grad,9,Married-civ-spouse,Farming-fishing,Husband,White,Male,0,0,45,United-States,<=50K
23,?,211601,Assoc-voc,11,Never-married,?,Own-child,Black,Female,0,0,15,United-States,<=50K
43,Private,187728,Some-college,10,Married-civ-spouse,Prof-specialty,Wife,White,Female,0,1887,50,United-States,>50K
58,Self-emp-not-inc,321171,HS-grad,9,Married-civ-spouse,Handlers-cleaners,Husband,White,Male,0,0,40,United-States,<=50K
66,Private,127921,HS-grad,9,Never-married,Transport-moving,Not-in-family,White,Male,2050,0,55,United-States,<=50K
41,Private,206565,Some-college,10,Never-married,Craft-repair,Not-in-family,Black,Male,0,0,45,United-States,<=50K
26,Private,224563,Bachelors,13,Never-married,Adm-clerical,Not-in-family,White,Male,0,0,40,United-States,<=50K
47,Private,178686,Assoc-voc,11,Never-married,Other-service,Not-in-family,White,Male,0,0,40,United-States,<=50K
55,Local-gov,98545,10th,6,Married-civ-spouse,Adm-clerical,Husband,White,Male,0,0,40,United-States,<=50K
53,Private,242606,HS-grad,9,Married-civ-spouse,Transport-moving,Husband,White,Male,0,0,40,United-States,<=50K
17,Private,270942,5th-6th,3,Never-married,Other-service,Other-relative,White,Male,0,0,48,Mexico,<=50K
30,Private,94235,HS-grad,9,Never-married,Craft-repair,Other-relative,White,Male,0,0,40,United-States,<=50K
49,Private,71195,Masters,14,Never-married,Prof-specialty,Not-in-family,White,Male,0,0,60,United-States,<=50K
19,Private,104112,HS-grad,9,Never-married,Sales,Unmarried,Black,Male,0,0,30,Haiti,<=50K
45,Private,261192,HS-grad,9,Married-civ-spouse,Other-service,Husband,Black,Male,0,0,40,United-States,<=50K
26,Private,94936,Assoc-acdm,12,Never-married,Sales,Not-in-family,White,Male,0,0,40,United-States,<=50K
38,Private,296478,Assoc-voc,11,Married-civ-spouse,Craft-repair,Husband,White,Male,7298,0,40,United-States,>50K
36,State-gov,119272,HS-grad,9,Married-civ-spouse,Protective-serv,Husband,White,Male,7298,0,40,United-States,>50K
33,Private,85043,HS-grad,9,Never-married,Farming-fishing,Not-in-family,White,Male,0,0,20,United-States,<=50K
22,State-gov,293364,Some-college,10,Never-married,Protective-serv,Own-child,Black,Female,0,0,40,United-States,<=50K
43,Self-emp-not-inc,241895,Bachelors,13,Never-married,Sales,Not-in-family,White,Male,0,0,42,United-States,<=50K
67,?,36135,11th,7,Married-civ-spouse,?,Husband,White,Male,0,0,8,United-States,<=50K
30,?,151989,Assoc-voc,11,Divorced,?,Unmarried,White,Female,0,0,40,United-States,<=50K
56,Private,101128,Assoc-acdm,12,Married-spouse-absent,Other-service,Not-in-family,White,Male,0,0,25,Iran,<=50K
31,Private,156464,Bachelors,13,Never-married,Prof-specialty,Own-child,White,Male,0,0,25,United-States,<=50K
33,Private,117963,Bachelors,13,Married-civ-spouse,Exec-managerial,Husband,White,Male,0,0,40,United-States,>50K
26,Private,192262,HS-grad,9,Married-civ-spouse,Other-service,Husband,White,Male,0,0,40,United-States,<=50K
33,Private,111363,Bachelors,13,Married-civ-spouse,Exec-managerial,Husband,White,Male,0,0,40,United-States,>50K
46,Local-gov,329752,11th,7,Married-civ-spouse,Transport-moving,Husband,White,Male,0,0,30,United-States,<=50K
59,?,372020,Bachelors,13,Married-civ-spouse,?,Husband,White,Male,0,0,40,United-States,>50K
38,Federal-gov,95432,HS-grad,9,Married-civ-spouse,Adm-clerical,Husband,White,Male,0,0,40,United-States,>50K
65,Private,161400,11th,7,Widowed,Other-service,Unmarried,Other,Male,0,0,40,United-States,<=50K
40,Private,96129,Assoc-voc,11,Married-civ-spouse,Tech-support,Husband,White,Male,0,0,40,United-States,>50K
42,Private,111949,HS-grad,9,Married-civ-spouse,Adm-clerical,Wife,White,Female,0,0,35,United-States,<=50K
26,Self-emp-not-inc,117125,9th,5,Married-civ-spouse,Craft-repair,Husband,White,Male,0,0,40,Portugal,<=50K
36,Private,348022,10th,6,Married-civ-spouse,Other-service,Wife,White,Female,0,0,24,United-States,<=50K
62,Private,270092,Masters,14,Married-civ-spouse,Prof-specialty,Husband,White,Male,0,0,40,United-States,>50K
43,Private,180609,Bachelors,13,Married-civ-spouse,Transport-moving,Husband,White,Male,0,0,45,United-States,<=50K
43,Private,174575,Bachelors,13,Divorced,Exec-managerial,Not-in-family,White,Male,0,1564,45,United-States,>50K
22,Private,410439,HS-grad,9,Married-spouse-absent,Sales,Not-in-family,White,Male,0,0,55,United-States,<=50K
28,Private,92262,HS-grad,9,Married-civ-spouse,Craft-repair,Husband,White,Male,0,0,40,United-States,<=50K
56,Self-emp-not-inc,183081,Some-college,10,Married-civ-spouse,Sales,Husband,White,Male,0,0,45,United-States,<=50K
22,Private,362589,Assoc-acdm,12,Never-married,Sales,Not-in-family,White,Female,0,0,15,United-States,<=50K
57,Private,212448,Bachelors,13,Divorced,Exec-managerial,Not-in-family,White,Female,0,0,45,United-States,>50K
39,Private,481060,HS-grad,9,Divorced,Sales,Unmarried,White,Female,0,0,40,United-States,<=50K
26,Federal-gov,185885,Some-college,10,Never-married,Adm-clerical,Unmarried,White,Female,0,0,15,United-States,<=50K
17,Private,89821,11th,7,Never-married,Other-service,Own-child,White,Male,0,0,10,United-States,<=50K
40,State-gov,184018,Assoc-voc,11,Married-civ-spouse,Machine-op-inspct,Husband,White,Male,0,0,38,United-States,>50K
45,Private,256649,HS-grad,9,Married-civ-spouse,Machine-op-inspct,Husband,Black,Male,0,0,40,United-States,<=50K
44,Private,160323,HS-grad,9,Never-married,Craft-repair,Not-in-family,Black,Male,0,0,40,United-States,<=50K
20,Local-gov,350845,Some-college,10,Never-married,Adm-clerical,Own-child,White,Female,0,0,10,United-States,<=50K
33,Private,267404,HS-grad,9,Married-civ-spouse,Craft-repair,Wife,White,Female,0,0,40,United-States,<=50K
23,Private,35633,Some-college,10,Never-married,Sales,Not-in-family,White,Male,0,0,40,United-States,<=50K
46,Self-emp-not-inc,80914,Masters,14,Divorced,Exec-managerial,Not-in-family,White,Male,0,0,30,United-States,<=50K
38,Private,172927,HS-grad,9,Married-civ-spouse,Sales,Husband,White,Male,0,0,50,United-States,<=50K
54,Private,174319,HS-grad,9,Divorced,Transport-moving,Not-in-family,White,Male,0,0,40,United-States,<=50K
46,Private,214955,5th-6th,3,Divorced,Craft-repair,Not-in-family,White,Female,0,2339,45,United-States,<=50K
25,Private,344991,Some-college,10,Married-civ-spouse,Craft-repair,Husband,White,Male,0,0,40,United-States,<=50K
46,Private,108699,Some-college,10,Divorced,Sales,Not-in-family,White,Female,0,0,40,United-States,<=50K
36,Local-gov,117312,Some-college,10,Married-civ-spouse,Transport-moving,Wife,White,Female,0,0,40,United-States,<=50K
23,Private,396099,HS-grad,9,Never-married,Other-service,Not-in-family,White,Female,0,0,25,United-States,<=50K
29,Private,134152,HS-grad,9,Separated,Machine-op-inspct,Not-in-family,White,Male,0,0,40,United-States,<=50K
44,Private,162028,Some-college,10,Married-civ-spouse,Adm-clerical,Wife,White,Female,0,2415,6,United-States,>50K
19,Private,25429,Some-college,10,Never-married,Adm-clerical,Own-child,White,Female,0,0,16,United-States,<=50K
19,Private,232392,HS-grad,9,Never-married,Other-service,Other-relative,White,Female,0,0,40,United-States,<=50K
35,Private,220098,HS-grad,9,Married-civ-spouse,Other-service,Wife,White,Female,0,0,40,United-States,>50K
27,Private,301302,Bachelors,13,Never-married,Craft-repair,Not-in-family,White,Male,0,0,50,United-States,<=50K
46,Self-emp-not-inc,277946,Assoc-acdm,12,Separated,Craft-repair,Not-in-family,White,Male,0,0,40,United-States,<=50K
34,State-gov,98101,Bachelors,13,Married-civ-spouse,Exec-managerial,Husband,White,Male,7688,0,45,?,>50K
34,Private,196164,HS-grad,9,Never-married,Other-service,Not-in-family,White,Female,0,0,35,United-States,<=50K
44,Private,115562,Some-college,10,Married-civ-spouse,Tech-support,Husband,White,Male,0,0,40,United-States,<=50K
45,Private,96975,Some-college,10,Divorced,Handlers-cleaners,Unmarried,White,Female,0,0,40,United-States,<=50K
20,?,137300,HS-grad,9,Never-married,?,Other-relative,White,Female,0,0,35,United-States,<=50K
25,Private,86872,Bachelors,13,Married-civ-spouse,Exec-managerial,Husband,White,Male,0,0,55,United-States,>50K
52,Self-emp-inc,132178,Bachelors,13,Married-civ-spouse,Exec-managerial,Husband,White,Male,0,0,50,United-States,>50K
20,Private,416103,Some-college,10,Never-married,Handlers-cleaners,Own-child,White,Male,0,0,40,United-States,<=50K
28,Private,108574,Some-college,10,Never-married,Other-service,Not-in-family,White,Female,0,0,40,United-States,<=50K
50,State-gov,288353,Bachelors,13,Married-civ-spouse,Protective-serv,Husband,White,Male,0,0,40,United-States,>50K
34,Private,227689,Assoc-voc,11,Divorced,Tech-support,Not-in-family,White,Female,0,0,64,United-States,<=50K
28,Private,166481,7th-8th,4,Married-civ-spouse,Handlers-cleaners,Husband,Other,Male,0,2179,40,Puerto-Rico,<=50K
41,Private,445382,Masters,14,Married-civ-spouse,Exec-managerial,Husband,White,Male,0,1977,65,United-States,>50K
28,Private,110145,HS-grad,9,Married-civ-spouse,Adm-clerical,Husband,White,Male,0,0,40,United-States,<=50K
46,Self-emp-not-inc,317253,HS-grad,9,Married-civ-spouse,Craft-repair,Husband,White,Male,0,0,25,United-States,<=50K
28,?,123147,Some-college,10,Married-civ-spouse,?,Wife,White,Female,0,1887,40,United-States,>50K
32,Private,364657,Some-college,10,Married-civ-spouse,Exec-managerial,Husband,White,Male,0,0,50,United-States,<=50K
41,Local-gov,42346,Some-college,10,Divorced,Other-service,Not-in-family,Black,Female,0,0,24,United-States,<=50K
24,Private,241951,HS-grad,9,Never-married,Handlers-cleaners,Unmarried,Black,Female,0,0,40,United-States,<=50K
33,Private,118500,Some-college,10,Divorced,Exec-managerial,Unmarried,White,Female,0,0,40,United-States,<=50K
46,Private,188386,Doctorate,16,Married-civ-spouse,Exec-managerial,Husband,White,Male,15024,0,60,United-States,>50K
31,State-gov,1033222,Some-college,10,Married-civ-spouse,Machine-op-inspct,Husband,White,Male,0,0,40,United-States,<=50K
35,Private,92440,12th,8,Divorced,Craft-repair,Not-in-family,White,Male,0,0,50,United-States,>50K
52,Private,190762,1st-4th,2,Married-civ-spouse,Machine-op-inspct,Husband,White,Male,0,0,40,Mexico,<=50K
30,Private,426017,11th,7,Never-married,Other-service,Own-child,White,Female,0,0,19,United-States,<=50K
34,Local-gov,243867,11th,7,Separated,Machine-op-inspct,Not-in-family,Black,Male,0,0,40,United-States,<=50K
34,State-gov,240283,HS-grad,9,Divorced,Transport-moving,Unmarried,White,Female,0,0,40,United-States,<=50K
20,Private,61777,Some-college,10,Married-civ-spouse,Sales,Husband,White,Male,0,0,30,United-States,<=50K
17,Private,175024,11th,7,Never-married,Handlers-cleaners,Own-child,White,Male,2176,0,18,United-States,<=50K
32,State-gov,92003,Bachelors,13,Married-civ-spouse,Exec-managerial,Wife,White,Female,0,0,40,United-States,>50K
29,Private,188401,HS-grad,9,Divorced,Farming-fishing,Not-in-family,White,Male,0,0,40,United-States,<=50K
33,Private,228528,10th,6,Never-married,Craft-repair,Unmarried,White,Female,0,0,35,United-States,<=50K
25,Private,133373,HS-grad,9,Married-civ-spouse,Transport-moving,Husband,White,Male,0,0,60,United-States,<=50K
36,Federal-gov,255191,Masters,14,Never-married,Prof-specialty,Not-in-family,White,Male,0,1408,40,United-States,<=50K
23,Private,204653,HS-grad,9,Never-married,Handlers-cleaners,Not-in-family,White,Male,0,0,72,Dominican-Republic,<=50K
63,Self-emp-inc,222289,HS-grad,9,Married-civ-spouse,Exec-managerial,Husband,White,Male,0,0,40,United-States,>50K
47,Local-gov,287480,Masters,14,Married-civ-spouse,Prof-specialty,Husband,White,Male,0,0,40,United-States,<=50K
80,?,107762,HS-grad,9,Widowed,?,Not-in-family,White,Male,0,0,24,United-States,<=50K
17,?,202521,11th,7,Never-married,?,Own-child,White,Male,0,0,40,United-States,<=50K
40,Self-emp-not-inc,204116,Bachelors,13,Married-spouse-absent,Prof-specialty,Not-in-family,White,Female,2174,0,40,United-States,<=50K
30,Private,29662,Assoc-acdm,12,Married-civ-spouse,Other-service,Wife,White,Female,0,0,25,United-States,>50K
27,Private,116358,Some-college,10,Never-married,Craft-repair,Own-child,Asian-Pac-Islander,Male,0,1980,40,Philippines,<=50K
33,Private,208405,Masters,14,Married-civ-spouse,Prof-specialty,Husband,White,Male,0,0,50,United-States,>50K
34,Local-gov,284843,HS-grad,9,Never-married,Farming-fishing,Not-in-family,Black,Male,594,0,60,United-States,<=50K
34,Local-gov,117018,Some-college,10,Never-married,Protective-serv,Not-in-family,White,Female,0,0,40,United-States,<=50K
23,Private,81281,Some-college,10,Married-civ-spouse,Adm-clerical,Husband,White,Male,0,0,40,United-States,<=50K
42,Local-gov,340148,Some-college,10,Married-civ-spouse,Adm-clerical,Wife,White,Female,0,0,40,United-States,<=50K
29,Private,363425,Bachelors,13,Never-married,Prof-specialty,Not-in-family,White,Male,0,0,40,United-States,<=50K
45,Private,45857,HS-grad,9,Divorced,Adm-clerical,Not-in-family,White,Female,0,0,28,United-States,<=50K
24,Federal-gov,191073,HS-grad,9,Never-married,Armed-Forces,Own-child,White,Male,0,0,40,United-States,<=50K
44,Private,116632,Some-college,10,Married-civ-spouse,Prof-specialty,Husband,White,Male,0,0,40,United-States,>50K
27,Private,405855,9th,5,Never-married,Craft-repair,Other-relative,White,Male,0,0,40,Mexico,<=50K
20,Private,298227,Some-college,10,Never-married,Sales,Not-in-family,White,Male,0,0,35,United-States,<=50K
44,Private,290521,HS-grad,9,Widowed,Exec-managerial,Unmarried,Black,Female,0,0,40,United-States,<=50K
51,Private,56915,HS-grad,9,Married-civ-spouse,Craft-repair,Husband,Amer-Indian-Eskimo,Male,0,0,40,United-States,<=50K
20,Private,146538,HS-grad,9,Married-civ-spouse,Machine-op-inspct,Husband,White,Male,0,0,40,United-States,<=50K
17,?,258872,11th,7,Never-married,?,Own-child,White,Female,0,0,5,United-States,<=50K
19,Private,206399,HS-grad,9,Never-married,Machine-op-inspct,Own-child,Black,Female,0,0,40,United-States,<=50K
45,Self-emp-inc,197332,Some-college,10,Married-civ-spouse,Craft-repair,Husband,White,Male,0,0,55,United-States,>50K
60,Private,245062,HS-grad,9,Married-civ-spouse,Craft-repair,Husband,White,Male,0,0,40,United-States,>50K
42,Private,197583,Assoc-acdm,12,Married-civ-spouse,Exec-managerial,Husband,Black,Male,0,0,40,?,>50K
44,Self-emp-not-inc,234885,HS-grad,9,Married-civ-spouse,Sales,Wife,White,Female,0,0,40,United-States,>50K
40,Private,72887,Assoc-voc,11,Married-civ-spouse,Machine-op-inspct,Husband,Asian-Pac-Islander,Male,0,0,40,United-States,>50K
30,Private,180374,HS-grad,9,Married-civ-spouse,Exec-managerial,Wife,White,Female,0,0,40,United-States,<=50K
38,Private,351299,Some-college,10,Married-civ-spouse,Transport-moving,Husband,Black,Male,0,0,50,United-States,<=50K
23,Private,54012,HS-grad,9,Married-civ-spouse,Transport-moving,Husband,White,Male,0,0,60,United-States,<=50K
32,?,115745,Some-college,10,Married-civ-spouse,?,Husband,White,Male,0,0,40,United-States,<=50K
44,Private,116632,Assoc-acdm,12,Never-married,Farming-fishing,Own-child,White,Male,0,0,40,United-States,<=50K
54,Local-gov,288825,HS-grad,9,Married-civ-spouse,Transport-moving,Husband,Black,Male,0,0,40,United-States,<=50K
32,Private,132601,Bachelors,13,Married-civ-spouse,Prof-specialty,Husband,White,Male,0,0,50,United-States,<=50K
50,Private,193374,1st-4th,2,Married-spouse-absent,Craft-repair,Unmarried,White,Male,0,0,40,United-States,<=50K
24,Private,170070,Bachelors,13,Never-married,Tech-support,Not-in-family,White,Female,0,0,20,United-States,<=50K
37,Private,126708,HS-grad,9,Married-civ-spouse,Adm-clerical,Wife,White,Female,0,0,60,United-States,<=50K
52,Private,35598,HS-grad,9,Divorced,Transport-moving,Unmarried,White,Male,0,0,40,United-States,<=50K
38,Private,33983,Some-college,10,Married-civ-spouse,Transport-moving,Husband,White,Male,0,0,40,United-States,<=50K
49,Private,192776,Masters,14,Married-civ-spouse,Exec-managerial,Husband,White,Male,0,1977,45,United-States,>50K
30,Private,118551,Bachelors,13,Married-civ-spouse,Tech-support,Wife,White,Female,0,0,16,United-States,>50K
60,Private,201965,Some-college,10,Never-married,Prof-specialty,Unmarried,White,Male,0,0,40,United-States,>50K
22,?,139883,Some-college,10,Never-married,?,Own-child,White,Male,0,0,40,United-States,<=50K
35,Private,285020,HS-grad,9,Never-married,Craft-repair,Not-in-family,White,Male,0,0,40,United-States,<=50K
30,Private,303990,HS-grad,9,Never-married,Transport-moving,Not-in-family,White,Male,0,0,60,United-States,<=50K
67,Private,49401,Assoc-voc,11,Divorced,Other-service,Not-in-family,White,Female,0,0,24,United-States,<=50K
46,Private,279196,Bachelors,13,Never-married,Craft-repair,Not-in-family,White,Female,0,0,40,United-States,<=50K
17,Private,211870,9th,5,Never-married,Other-service,Not-in-family,White,Male,0,0,6,United-States,<=50K
22,Private,281432,Some-college,10,Never-married,Handlers-cleaners,Own-child,White,Male,0,0,30,United-States,<=50K
27,Private,161155,10th,6,Never-married,Other-service,Not-in-family,White,Male,0,0,40,United-States,<=50K
23,Private,197904,HS-grad,9,Never-married,Other-service,Unmarried,White,Female,0,0,35,United-States,<=50K
33,Private,111746,Assoc-acdm,12,Married-civ-spouse,Craft-repair,Husband,White,Male,0,0,45,Portugal,<=50K
43,Self-emp-not-inc,170721,Some-college,10,Married-civ-spouse,Craft-repair,Husband,White,Male,0,0,20,United-States,<=50K
28,State-gov,70100,Bachelors,13,Never-married,Prof-specialty,Not-in-family,White,Male,0,0,20,United-States,<=50K
41,Private,193626,HS-grad,9,Married-spouse-absent,Craft-repair,Unmarried,White,Female,0,0,40,United-States,<=50K
52,?,271749,12th,8,Never-married,?,Other-relative,Black,Male,594,0,40,United-States,<=50K
25,Private,189775,Some-college,10,Married-spouse-absent,Adm-clerical,Own-child,Black,Female,0,0,20,United-States,<=50K
63,?,401531,1st-4th,2,Married-civ-spouse,?,Husband,White,Male,0,0,35,United-States,<=50K
59,Local-gov,286967,HS-grad,9,Married-civ-spouse,Transport-moving,Husband,White,Male,0,0,45,United-States,<=50K
45,Local-gov,164427,Bachelors,13,Divorced,Prof-specialty,Unmarried,White,Female,0,0,40,United-States,<=50K
38,Private,91039,Bachelors,13,Married-civ-spouse,Sales,Husband,White,Male,15024,0,60,United-States,>50K
40,Private,347934,HS-grad,9,Never-married,Other-service,Not-in-family,White,Female,0,0,35,United-States,<=50K
46,Federal-gov,371373,HS-grad,9,Divorced,Adm-clerical,Not-in-family,White,Male,0,0,40,United-States,<=50K
35,Private,32220,Assoc-acdm,12,Never-married,Exec-managerial,Not-in-family,White,Female,0,0,60,United-States,<=50K
34,Private,187251,HS-grad,9,Divorced,Prof-specialty,Unmarried,White,Female,0,0,25,United-States,<=50K
33,Private,178107,Bachelors,13,Never-married,Craft-repair,Own-child,White,Male,0,0,20,United-States,<=50K
41,Private,343121,HS-grad,9,Divorced,Adm-clerical,Unmarried,White,Female,0,0,36,United-States,<=50K
20,Private,262749,Some-college,10,Never-married,Machine-op-inspct,Own-child,White,Male,0,0,40,United-States,<=50K
23,Private,403107,5th-6th,3,Never-married,Other-service,Own-child,White,Male,0,0,40,El-Salvador,<=50K
26,Private,64293,Some-college,10,Never-married,Prof-specialty,Not-in-family,White,Female,0,0,35,United-States,<=50K
72,?,303588,HS-grad,9,Married-civ-spouse,?,Husband,White,Male,0,0,20,United-States,<=50K
23,Local-gov,324960,HS-grad,9,Never-married,Farming-fishing,Not-in-family,White,Male,0,0,40,Poland,<=50K
62,Local-gov,114060,HS-grad,9,Married-civ-spouse,Transport-moving,Husband,White,Male,0,0,40,United-States,<=50K
52,Private,48925,Some-college,10,Married-civ-spouse,Adm-clerical,Husband,White,Male,0,0,40,United-States,<=50K
58,Private,180980,Some-college,10,Divorced,Other-service,Unmarried,White,Female,0,0,42,France,<=50K
25,Private,181054,Bachelors,13,Never-married,Sales,Not-in-family,White,Female,0,0,40,United-States,<=50K
24,Private,388093,Bachelors,13,Never-married,Exec-managerial,Not-in-family,Black,Male,0,0,40,United-States,<=50K
19,Private,249609,Some-college,10,Never-married,Protective-serv,Own-child,White,Male,0,0,8,United-States,<=50K
43,Private,112131,Some-college,10,Married-civ-spouse,Exec-managerial,Husband,White,Male,0,0,40,United-States,<=50K
47,Local-gov,543162,HS-grad,9,Separated,Adm-clerical,Unmarried,Black,Female,0,0,40,United-States,<=50K
39,Private,91996,HS-grad,9,Divorced,Other-service,Unmarried,White,Female,0,0,40,United-States,<=50K
49,Private,141944,Assoc-voc,11,Married-spouse-absent,Handlers-cleaners,Unmarried,White,Male,0,1380,42,United-States,<=50K
53,?,251804,5th-6th,3,Widowed,?,Unmarried,Black,Female,0,0,30,United-States,<=50K
32,Private,37070,Assoc-voc,11,Never-married,Craft-repair,Not-in-family,White,Male,0,0,45,United-States,<=50K
34,Private,337587,Some-college,10,Married-civ-spouse,Prof-specialty,Husband,White,Male,0,0,50,United-States,>50K
28,Private,189346,HS-grad,9,Divorced,Craft-repair,Not-in-family,White,Male,0,0,45,United-States,<=50K
57,?,222216,Assoc-voc,11,Widowed,?,Unmarried,White,Female,0,0,38,United-States,<=50K
25,Private,267044,Some-college,10,Never-married,Adm-clerical,Not-in-family,Amer-Indian-Eskimo,Female,0,0,20,United-States,<=50K
20,?,214635,Some-college,10,Never-married,?,Own-child,White,Male,0,0,24,United-States,<=50K
21,?,204226,Some-college,10,Never-married,?,Unmarried,White,Female,0,0,35,United-States,<=50K
34,Private,108116,Bachelors,13,Married-civ-spouse,Prof-specialty,Husband,White,Male,0,0,50,United-States,>50K
38,Self-emp-inc,99146,Bachelors,13,Married-civ-spouse,Exec-managerial,Husband,White,Male,15024,0,80,United-States,>50K
50,Private,196232,HS-grad,9,Married-civ-spouse,Exec-managerial,Husband,White,Male,7688,0,50,United-States,>50K
24,Local-gov,248344,Some-college,10,Divorced,Handlers-cleaners,Not-in-family,Black,Male,0,0,50,United-States,<=50K
37,Local-gov,186035,Some-college,10,Married-civ-spouse,Tech-support,Husband,White,Male,0,0,45,United-States,>50K
44,Private,177905,Some-college,10,Divorced,Machine-op-inspct,Unmarried,White,Male,0,0,58,United-States,>50K
28,Private,85812,Some-college,10,Married-civ-spouse,Sales,Wife,White,Female,0,0,40,United-States,<=50K
42,Private,221172,Bachelors,13,Married-civ-spouse,Exec-managerial,Husband,White,Male,0,0,40,United-States,>50K
74,Private,99183,Some-college,10,Divorced,Adm-clerical,Not-in-family,White,Female,0,0,9,United-States,<=50K
38,Self-emp-not-inc,190387,HS-grad,9,Married-civ-spouse,Craft-repair,Husband,White,Male,0,0,50,United-States,<=50K
44,Self-emp-not-inc,202692,Masters,14,Married-civ-spouse,Prof-specialty,Husband,White,Male,0,0,40,United-States,<=50K
44,Private,109339,11th,7,Divorced,Machine-op-inspct,Unmarried,Other,Female,0,0,46,Puerto-Rico,<=50K
26,Private,108658,HS-grad,9,Never-married,Machine-op-inspct,Not-in-family,White,Male,0,0,40,United-States,<=50K
36,Private,197202,HS-grad,9,Married-civ-spouse,Other-service,Husband,Black,Male,0,0,40,United-States,<=50K
41,Private,101739,Assoc-acdm,12,Married-civ-spouse,Exec-managerial,Wife,White,Female,0,0,50,United-States,>50K
67,Private,231559,Prof-school,15,Married-civ-spouse,Prof-specialty,Husband,White,Male,20051,0,48,United-States,>50K
39,Local-gov,207853,12th,8,Married-civ-spouse,Tech-support,Husband,White,Male,0,0,50,United-States,<=50K
57,Private,190942,1st-4th,2,Widowed,Priv-house-serv,Not-in-family,Black,Female,0,0,30,United-States,<=50K
29,Private,102345,Assoc-voc,11,Separated,Craft-repair,Not-in-family,White,Male,0,0,40,United-States,<=50K
31,Self-emp-inc,41493,Bachelors,13,Never-married,Farming-fishing,Not-in-family,White,Female,0,0,45,United-States,<=50K
34,?,190027,HS-grad,9,Never-married,?,Unmarried,Black,Female,0,0,40,United-States,<=50K
44,Private,210525,Some-college,10,Married-civ-spouse,Transport-moving,Husband,White,Male,0,0,40,United-States,<=50K
29,Private,133937,Doctorate,16,Never-married,Prof-specialty,Own-child,White,Male,0,0,40,United-States,<=50K
30,Private,237903,Some-college,10,Never-married,Handlers-cleaners,Unmarried,White,Female,0,0,40,United-States,<=50K
27,Private,163862,HS-grad,9,Never-married,Transport-moving,Not-in-family,White,Male,0,0,40,United-States,<=50K
27,Private,201872,Some-college,10,Married-civ-spouse,Sales,Husband,White,Male,0,0,50,United-States,<=50K
32,Private,84179,HS-grad,9,Never-married,Handlers-cleaners,Not-in-family,White,Female,0,0,45,United-States,<=50K
58,Private,51662,10th,6,Married-civ-spouse,Other-service,Wife,White,Female,0,0,8,United-States,<=50K
35,Local-gov,233327,Some-college,10,Married-civ-spouse,Protective-serv,Husband,White,Male,0,0,40,United-States,<=50K
21,Private,259510,HS-grad,9,Never-married,Handlers-cleaners,Own-child,White,Male,0,0,36,United-States,<=50K
28,Private,184831,Some-college,10,Never-married,Craft-repair,Unmarried,White,Male,0,0,40,United-States,<=50K
46,Self-emp-not-inc,245724,Some-college,10,Divorced,Exec-managerial,Not-in-family,White,Male,0,0,50,United-States,<=50K
36,Self-emp-not-inc,27053,HS-grad,9,Separated,Other-service,Unmarried,White,Female,0,0,40,United-States,<=50K
72,Private,205343,11th,7,Widowed,Adm-clerical,Unmarried,White,Female,0,0,40,United-States,<=50K
35,Private,229328,HS-grad,9,Married-civ-spouse,Machine-op-inspct,Wife,Black,Female,0,0,40,United-States,<=50K
33,Federal-gov,319560,Assoc-voc,11,Divorced,Craft-repair,Unmarried,Black,Female,0,0,40,United-States,>50K
69,Private,136218,11th,7,Never-married,Machine-op-inspct,Not-in-family,White,Female,0,0,40,United-States,<=50K
35,Private,54576,HS-grad,9,Married-civ-spouse,Machine-op-inspct,Husband,White,Male,0,0,40,United-States,<=50K
31,Private,323069,HS-grad,9,Separated,Adm-clerical,Unmarried,White,Female,0,0,20,?,<=50K
34,Private,148291,HS-grad,9,Married-civ-spouse,Tech-support,Wife,White,Female,0,0,32,United-States,<=50K
30,Private,152453,11th,7,Married-civ-spouse,Other-service,Husband,White,Male,0,0,40,Mexico,<=50K
28,Private,114053,Bachelors,13,Never-married,Transport-moving,Not-in-family,White,Male,0,0,55,United-States,<=50K
54,Private,212960,Bachelors,13,Married-civ-spouse,Sales,Husband,White,Male,0,0,35,United-States,>50K
47,Private,264052,Some-college,10,Married-civ-spouse,Prof-specialty,Husband,White,Male,0,0,50,United-States,>50K
24,Private,82804,HS-grad,9,Never-married,Handlers-cleaners,Unmarried,Black,Female,0,0,40,United-States,<=50K
52,Self-emp-not-inc,334273,Bachelors,13,Married-civ-spouse,Prof-specialty,Husband,White,Male,0,0,60,United-States,>50K
20,Private,27337,HS-grad,9,Never-married,Handlers-cleaners,Own-child,Amer-Indian-Eskimo,Male,0,0,48,United-States,<=50K
43,Self-emp-inc,188436,Masters,14,Married-civ-spouse,Exec-managerial,Husband,White,Male,5013,0,45,United-States,<=50K
45,Private,433665,7th-8th,4,Separated,Other-service,Unmarried,White,Female,0,0,40,Mexico,<=50K
29,Self-emp-not-inc,110663,HS-grad,9,Separated,Craft-repair,Not-in-family,White,Male,0,0,35,United-States,<=50K
47,Private,87490,Masters,14,Divorced,Exec-managerial,Unmarried,White,Male,0,0,42,United-States,<=50K
24,Private,354351,HS-grad,9,Never-married,Craft-repair,Own-child,White,Male,0,0,40,United-States,<=50K
51,Private,95469,HS-grad,9,Married-civ-spouse,Prof-specialty,Husband,White,Male,0,0,40,United-States,<=50K
17,Private,242718,11th,7,Never-married,Sales,Own-child,White,Male,0,0,12,United-States,<=50K
37,Private,22463,Assoc-voc,11,Married-civ-spouse,Craft-repair,Husband,White,Male,0,1977,40,United-States,>50K
27,Private,158156,Doctorate,16,Never-married,Prof-specialty,Not-in-family,White,Female,0,0,70,United-States,<=50K
29,Private,350162,Bachelors,13,Married-civ-spouse,Exec-managerial,Wife,White,Male,0,0,40,United-States,>50K
18,?,165532,12th,8,Never-married,?,Own-child,White,Male,0,0,25,United-States,<=50K
36,Self-emp-not-inc,28738,Assoc-acdm,12,Divorced,Sales,Unmarried,White,Female,0,0,35,United-States,<=50K
58,Local-gov,283635,Bachelors,13,Never-married,Prof-specialty,Not-in-family,White,Female,0,0,40,United-States,<=50K
26,Self-emp-not-inc,86646,Some-college,10,Married-civ-spouse,Craft-repair,Husband,White,Male,0,0,45,United-States,<=50K
65,?,195733,Some-college,10,Married-civ-spouse,?,Husband,White,Male,0,0,30,United-States,>50K
57,Private,69884,HS-grad,9,Married-civ-spouse,Sales,Husband,White,Male,0,0,40,United-States,>50K
59,Private,199713,HS-grad,9,Married-civ-spouse,Craft-repair,Husband,White,Male,0,0,40,United-States,<=50K
27,Private,181659,HS-grad,9,Married-civ-spouse,Machine-op-inspct,Husband,White,Male,0,0,40,United-States,<=50K
31,Self-emp-not-inc,340939,Bachelors,13,Never-married,Tech-support,Not-in-family,White,Male,0,0,40,United-States,<=50K
21,Private,197747,Some-college,10,Never-married,Sales,Own-child,White,Female,0,0,24,United-States,<=50K
29,Private,34292,Some-college,10,Never-married,Adm-clerical,Not-in-family,White,Male,0,0,60,United-States,<=50K
18,Private,156764,11th,7,Never-married,Other-service,Own-child,White,Male,0,0,40,United-States,<=50K
52,Private,25826,10th,6,Married-civ-spouse,Craft-repair,Husband,White,Male,0,1887,47,United-States,>50K
57,Self-emp-inc,103948,Bachelors,13,Divorced,Prof-specialty,Not-in-family,White,Male,0,0,80,United-States,<=50K
42,?,137390,HS-grad,9,Married-civ-spouse,?,Husband,White,Male,0,0,40,United-States,<=50K
55,?,105138,HS-grad,9,Married-civ-spouse,?,Wife,Asian-Pac-Islander,Female,0,0,40,United-States,<=50K
60,Private,39352,7th-8th,4,Never-married,Transport-moving,Not-in-family,White,Male,0,0,48,United-States,>50K
31,Private,168387,Bachelors,13,Married-civ-spouse,Prof-specialty,Husband,White,Male,7688,0,40,Canada,>50K
23,Private,117789,Bachelors,13,Never-married,Adm-clerical,Own-child,White,Female,0,0,40,United-States,<=50K
27,Private,267147,HS-grad,9,Never-married,Sales,Own-child,White,Male,0,0,40,United-States,<=50K
23,?,99399,Some-college,10,Never-married,?,Unmarried,Amer-Indian-Eskimo,Female,0,0,25,United-States,<=50K
42,Self-emp-not-inc,214242,Prof-school,15,Married-civ-spouse,Prof-specialty,Husband,White,Male,0,1902,50,United-States,>50K
25,Private,200408,Some-college,10,Never-married,Tech-support,Not-in-family,White,Male,2174,0,40,United-States,<=50K
49,Private,136455,Bachelors,13,Never-married,Prof-specialty,Not-in-family,White,Female,0,0,45,United-States,<=50K
32,Private,239824,Bachelors,13,Never-married,Tech-support,Not-in-family,White,Male,0,0,40,United-States,<=50K
19,Private,217039,Some-college,10,Never-married,Adm-clerical,Own-child,White,Male,0,0,28,United-States,<=50K
60,Private,51290,7th-8th,4,Divorced,Other-service,Not-in-family,White,Female,0,0,40,United-States,<=50K
42,Local-gov,175674,9th,5,Married-civ-spouse,Other-service,Husband,White,Male,0,0,40,United-States,<=50K
35,Self-emp-not-inc,194404,Assoc-acdm,12,Never-married,Farming-fishing,Not-in-family,White,Male,0,0,40,United-States,<=50K
48,Private,45612,HS-grad,9,Never-married,Adm-clerical,Unmarried,Black,Female,0,0,37,United-States,<=50K
51,Private,410114,Masters,14,Married-civ-spouse,Craft-repair,Husband,White,Male,0,0,40,United-States,>50K
29,Private,182521,HS-grad,9,Never-married,Craft-repair,Not-in-family,Amer-Indian-Eskimo,Male,0,0,40,United-States,<=50K
36,Local-gov,339772,HS-grad,9,Separated,Exec-managerial,Not-in-family,Black,Male,0,0,40,United-States,<=50K
17,Private,169658,10th,6,Never-married,Other-service,Own-child,White,Female,0,0,21,United-States,<=50K
52,Private,200853,Masters,14,Divorced,Prof-specialty,Not-in-family,White,Female,6849,0,60,United-States,<=50K
24,Private,247564,HS-grad,9,Never-married,Craft-repair,Not-in-family,White,Male,0,0,40,United-States,<=50K
24,Private,249909,HS-grad,9,Married-civ-spouse,Handlers-cleaners,Husband,White,Male,0,0,50,United-States,<=50K
26,Local-gov,208122,Bachelors,13,Never-married,Prof-specialty,Own-child,White,Male,1055,0,40,United-States,<=50K
27,Private,109881,Bachelors,13,Never-married,Other-service,Own-child,White,Female,0,0,20,United-States,<=50K
39,Private,207824,HS-grad,9,Never-married,Handlers-cleaners,Own-child,White,Male,0,0,60,United-States,<=50K
30,Private,369027,HS-grad,9,Married-civ-spouse,Transport-moving,Husband,Black,Male,0,0,45,United-States,<=50K
50,Self-emp-not-inc,114117,HS-grad,9,Married-civ-spouse,Exec-managerial,Husband,White,Male,0,0,32,United-States,<=50K
52,Self-emp-inc,51048,Bachelors,13,Married-civ-spouse,Sales,Husband,White,Male,0,0,55,United-States,<=50K
46,Private,102388,Prof-school,15,Married-civ-spouse,Prof-specialty,Husband,White,Male,15024,0,45,United-States,>50K
23,Private,190483,Bachelors,13,Never-married,Sales,Own-child,White,Female,0,0,20,United-States,<=50K
45,Private,462440,11th,7,Widowed,Other-service,Not-in-family,Black,Female,0,0,20,United-States,<=50K
65,Private,109351,9th,5,Widowed,Priv-house-serv,Unmarried,Black,Female,0,0,24,United-States,<=50K
29,Private,34383,Assoc-voc,11,Married-civ-spouse,Transport-moving,Husband,White,Male,0,0,55,United-States,<=50K
47,Private,241832,9th,5,Married-spouse-absent,Handlers-cleaners,Unmarried,White,Male,0,0,40,El-Salvador,<=50K
30,Private,124187,HS-grad,9,Never-married,Farming-fishing,Own-child,Black,Male,0,0,60,United-States,<=50K
34,Private,153614,HS-grad,9,Married-civ-spouse,Sales,Husband,White,Male,0,0,45,United-States,>50K
38,Self-emp-not-inc,267556,HS-grad,9,Married-civ-spouse,Sales,Husband,White,Male,0,0,64,United-States,<=50K
33,Private,205469,Some-college,10,Married-civ-spouse,Exec-managerial,Husband,White,Male,0,0,40,United-States,>50K
49,Private,268090,Bachelors,13,Married-civ-spouse,Sales,Husband,White,Male,0,0,26,United-States,>50K
47,Self-emp-not-inc,165039,Some-college,10,Never-married,Other-service,Unmarried,Black,Female,0,0,40,United-States,<=50K
49,Local-gov,120451,10th,6,Separated,Other-service,Unmarried,Black,Female,0,0,40,United-States,<=50K
43,Private,154374,Some-college,10,Married-civ-spouse,Craft-repair,Husband,White,Male,15024,0,60,United-States,>50K
30,Private,103649,Bachelors,13,Married-civ-spouse,Adm-clerical,Wife,Black,Female,0,0,40,United-States,>50K
58,Self-emp-not-inc,35723,HS-grad,9,Married-civ-spouse,Craft-repair,Husband,White,Male,0,0,60,United-States,<=50K
19,Private,262601,HS-grad,9,Never-married,Other-service,Own-child,White,Female,0,0,14,United-States,<=50K
21,Private,226181,Bachelors,13,Never-married,Handlers-cleaners,Not-in-family,White,Male,0,0,40,United-States,<=50K
33,Private,175697,Bachelors,13,Married-civ-spouse,Exec-managerial,Husband,White,Male,15024,0,60,United-States,>50K
47,Self-emp-inc,248145,5th-6th,3,Married-civ-spouse,Transport-moving,Husband,White,Male,0,0,50,Cuba,<=50K
52,Self-emp-not-inc,289436,Doctorate,16,Married-civ-spouse,Prof-specialty,Husband,White,Male,0,0,60,United-States,>50K
26,Private,75654,HS-grad,9,Divorced,Craft-repair,Not-in-family,White,Male,0,0,55,United-States,<=50K
60,Private,199378,HS-grad,9,Married-civ-spouse,Craft-repair,Husband,White,Male,0,0,40,United-States,<=50K
21,Private,160968,Some-college,10,Never-married,Handlers-cleaners,Own-child,White,Male,0,0,40,United-States,<=50K
36,Private,188563,Some-college,10,Married-civ-spouse,Sales,Husband,White,Male,5178,0,50,United-States,>50K
31,Private,55849,Some-college,10,Married-civ-spouse,Craft-repair,Husband,White,Male,0,0,45,United-States,<=50K
50,Self-emp-inc,195322,Doctorate,16,Separated,Prof-specialty,Not-in-family,White,Male,0,0,40,United-States,>50K
31,Local-gov,402089,HS-grad,9,Divorced,Adm-clerical,Unmarried,White,Female,0,0,40,United-States,<=50K
71,Private,78277,HS-grad,9,Married-civ-spouse,Craft-repair,Husband,White,Male,0,0,15,United-States,<=50K
58,?,158611,HS-grad,9,Married-civ-spouse,?,Husband,White,Male,0,0,50,United-States,<=50K
30,State-gov,169496,Bachelors,13,Married-civ-spouse,Tech-support,Husband,White,Male,0,0,40,United-States,>50K
20,Private,130959,Some-college,10,Never-married,Other-service,Own-child,White,Male,0,0,20,United-States,<=50K
24,Private,556660,HS-grad,9,Never-married,Exec-managerial,Other-relative,White,Male,4101,0,50,United-States,<=50K
35,Private,292472,Doctorate,16,Married-civ-spouse,Prof-specialty,Husband,Asian-Pac-Islander,Male,0,0,40,Taiwan,>50K
38,State-gov,143774,Some-college,10,Separated,Exec-managerial,Not-in-family,White,Female,0,0,45,United-States,<=50K
27,Private,288341,HS-grad,9,Never-married,Machine-op-inspct,Own-child,White,Female,0,0,32,United-States,<=50K
29,State-gov,71592,Some-college,10,Never-married,Adm-clerical,Unmarried,Asian-Pac-Islander,Female,0,0,40,Philippines,<=50K
70,?,167358,9th,5,Widowed,?,Unmarried,White,Female,1111,0,15,United-States,<=50K
34,Private,106742,HS-grad,9,Married-civ-spouse,Craft-repair,Husband,White,Male,0,0,45,United-States,<=50K
44,Private,219288,7th-8th,4,Married-civ-spouse,Craft-repair,Husband,White,Male,0,0,35,United-States,<=50K
43,Private,174524,HS-grad,9,Married-civ-spouse,Machine-op-inspct,Husband,White,Male,0,0,40,United-States,>50K
44,Self-emp-not-inc,335183,12th,8,Married-civ-spouse,Handlers-cleaners,Husband,Black,Male,0,0,40,United-States,>50K
35,Private,261293,Masters,14,Never-married,Sales,Not-in-family,White,Male,0,0,60,United-States,<=50K
27,Private,111900,Some-college,10,Never-married,Prof-specialty,Not-in-family,White,Male,0,0,40,United-States,<=50K
43,Local-gov,194360,Masters,14,Never-married,Prof-specialty,Not-in-family,White,Male,0,0,38,United-States,<=50K
20,Private,81145,Some-college,10,Never-married,Sales,Not-in-family,White,Female,0,0,25,United-States,<=50K
42,Private,341204,Assoc-acdm,12,Divorced,Prof-specialty,Unmarried,White,Female,8614,0,40,United-States,>50K
27,State-gov,249362,Some-college,10,Married-civ-spouse,Transport-moving,Husband,White,Male,3411,0,40,United-States,<=50K
42,Private,247019,HS-grad,9,Married-civ-spouse,Craft-repair,Husband,Black,Male,0,0,40,United-States,>50K
20,?,114746,11th,7,Married-spouse-absent,?,Own-child,Asian-Pac-Islander,Female,0,1762,40,South,<=50K
24,Private,172146,9th,5,Never-married,Machine-op-inspct,Not-in-family,White,Male,0,1721,40,United-States,<=50K
48,Federal-gov,110457,Some-college,10,Divorced,Exec-managerial,Not-in-family,White,Male,0,0,40,United-States,<=50K
17,?,80077,11th,7,Never-married,?,Own-child,White,Female,0,0,20,United-States,<=50K
17,Self-emp-not-inc,368700,11th,7,Never-married,Farming-fishing,Own-child,White,Male,0,0,10,United-States,<=50K
33,Private,182556,Bachelors,13,Married-civ-spouse,Exec-managerial,Husband,White,Male,0,0,40,United-States,>50K
50,Self-emp-inc,219420,HS-grad,9,Married-civ-spouse,Sales,Husband,White,Male,0,0,50,United-States,>50K
22,Private,240817,HS-grad,9,Never-married,Sales,Own-child,White,Female,2597,0,40,United-States,<=50K
17,Private,102726,12th,8,Never-married,Other-service,Own-child,White,Male,0,0,16,United-States,<=50K
32,Private,226267,Some-college,10,Married-civ-spouse,Adm-clerical,Husband,White,Male,0,0,40,Mexico,<=50K
31,Private,125457,HS-grad,9,Never-married,Craft-repair,Not-in-family,White,Male,0,0,45,United-States,<=50K
58,Self-emp-not-inc,204021,HS-grad,9,Widowed,Exec-managerial,Not-in-family,White,Male,0,0,50,United-States,<=50K
29,Local-gov,92262,HS-grad,9,Never-married,Protective-serv,Own-child,White,Male,0,0,48,United-States,<=50K
37,Private,161141,Assoc-voc,11,Married-civ-spouse,Craft-repair,Husband,White,Male,0,0,40,Portugal,>50K
34,Self-emp-not-inc,190290,HS-grad,9,Married-civ-spouse,Craft-repair,Husband,White,Male,0,0,40,United-States,>50K
23,Local-gov,430828,Some-college,10,Separated,Exec-managerial,Unmarried,Black,Male,0,0,40,United-States,<=50K
18,State-gov,59342,11th,7,Never-married,Adm-clerical,Own-child,White,Female,0,0,5,United-States,<=50K
34,Private,136721,HS-grad,9,Divorced,Exec-managerial,Not-in-family,White,Female,0,0,40,United-States,<=50K
66,?,149422,7th-8th,4,Never-married,?,Not-in-family,White,Male,0,0,4,United-States,<=50K
45,Local-gov,86644,Bachelors,13,Married-civ-spouse,Prof-specialty,Wife,White,Female,0,0,55,United-States,<=50K
41,Private,195124,Masters,14,Never-married,Exec-managerial,Not-in-family,White,Male,0,0,35,Dominican-Republic,<=50K
26,Private,167350,HS-grad,9,Never-married,Other-service,Other-relative,White,Male,0,0,30,United-States,<=50K
54,Local-gov,113000,Some-college,10,Married-civ-spouse,Farming-fishing,Husband,White,Male,0,0,40,United-States,<=50K
24,Private,140027,Some-college,10,Never-married,Machine-op-inspct,Own-child,Black,Female,0,0,45,United-States,<=50K
42,Private,262425,Some-college,10,Married-civ-spouse,Prof-specialty,Husband,White,Male,0,0,50,United-States,<=50K
20,Private,316702,Some-college,10,Never-married,Prof-specialty,Own-child,White,Male,0,0,20,United-States,<=50K
23,State-gov,335453,Bachelors,13,Never-married,Tech-support,Not-in-family,White,Female,0,0,20,United-States,<=50K
25,?,202480,Assoc-acdm,12,Never-married,?,Other-relative,White,Male,0,0,45,United-States,<=50K
35,Private,203628,Masters,14,Never-married,Prof-specialty,Not-in-family,White,Male,0,0,60,United-States,>50K
31,Private,118710,Masters,14,Married-civ-spouse,Tech-support,Husband,White,Male,0,1902,40,United-States,>50K
30,Private,189620,Bachelors,13,Never-married,Prof-specialty,Own-child,White,Female,0,0,40,Poland,<=50K
19,Private,475028,HS-grad,9,Never-married,Sales,Own-child,White,Female,0,0,20,United-States,<=50K
36,Local-gov,110866,Bachelors,13,Never-married,Prof-specialty,Not-in-family,White,Male,0,0,50,United-States,<=50K
31,Private,243605,Bachelors,13,Widowed,Sales,Unmarried,White,Female,0,1380,40,Cuba,<=50K
21,Private,163870,Some-college,10,Never-married,Handlers-cleaners,Own-child,White,Male,0,0,30,United-States,<=50K
31,Self-emp-not-inc,80145,Some-college,10,Married-civ-spouse,Craft-repair,Husband,White,Male,0,0,40,United-States,<=50K
46,Private,295566,Doctorate,16,Divorced,Prof-specialty,Unmarried,White,Female,25236,0,65,United-States,>50K
44,Private,63042,Bachelors,13,Divorced,Exec-managerial,Own-child,White,Female,0,0,50,United-States,>50K
40,Private,229148,12th,8,Married-civ-spouse,Other-service,Husband,Black,Male,0,0,40,Jamaica,<=50K
45,Private,242552,Some-college,10,Never-married,Sales,Not-in-family,Black,Male,0,0,40,United-States,<=50K
60,Private,177665,HS-grad,9,Married-civ-spouse,Craft-repair,Husband,White,Male,0,0,35,United-States,<=50K
18,Private,208103,11th,7,Never-married,Other-service,Other-relative,White,Male,0,0,25,United-States,<=50K
28,Private,296450,Bachelors,13,Married-civ-spouse,Prof-specialty,Husband,White,Male,0,0,40,United-States,<=50K
36,Private,70282,Some-college,10,Divorced,Adm-clerical,Unmarried,Black,Female,0,0,40,United-States,<=50K
36,Private,271767,Bachelors,13,Separated,Prof-specialty,Not-in-family,White,Male,0,0,40,?,<=50K
40,Private,144995,Assoc-voc,11,Married-civ-spouse,Tech-support,Husband,White,Male,4386,0,40,United-States,<=50K
36,Local-gov,382635,Bachelors,13,Divorced,Adm-clerical,Unmarried,White,Female,0,0,35,Honduras,<=50K
31,Private,295697,HS-grad,9,Separated,Other-service,Unmarried,Black,Female,0,0,40,United-States,<=50K
33,Private,194141,HS-grad,9,Married-civ-spouse,Machine-op-inspct,Husband,White,Male,0,0,40,United-States,<=50K
19,State-gov,378418,HS-grad,9,Never-married,Tech-support,Own-child,White,Female,0,0,40,United-States,<=50K
22,Private,214399,Some-college,10,Never-married,Sales,Own-child,White,Female,0,0,15,United-States,<=50K
34,Private,217460,Bachelors,13,Married-civ-spouse,Exec-managerial,Husband,White,Male,0,0,45,United-States,>50K
33,Private,182556,HS-grad,9,Never-married,Other-service,Not-in-family,White,Male,0,0,40,United-States,<=50K
41,Private,125831,HS-grad,9,Married-civ-spouse,Craft-repair,Husband,White,Male,0,2051,60,United-States,<=50K
29,Private,271328,Bachelors,13,Never-married,Prof-specialty,Not-in-family,White,Male,4650,0,40,United-States,<=50K
50,Local-gov,50459,HS-grad,9,Married-civ-spouse,Exec-managerial,Husband,White,Male,0,0,42,United-States,>50K
42,Private,162140,Bachelors,13,Married-civ-spouse,Exec-managerial,Husband,White,Male,7298,0,45,United-States,>50K
43,Private,177937,Bachelors,13,Never-married,Prof-specialty,Not-in-family,White,Male,0,0,40,?,>50K
44,Private,111502,HS-grad,9,Married-civ-spouse,Sales,Wife,White,Female,0,0,40,United-States,<=50K
20,Private,299047,Some-college,10,Never-married,Other-service,Not-in-family,White,Female,0,0,20,United-States,<=50K
31,Private,223212,HS-grad,9,Married-civ-spouse,Other-service,Husband,White,Male,0,0,40,Mexico,<=50K
65,Self-emp-not-inc,118474,11th,7,Married-civ-spouse,Exec-managerial,Husband,White,Male,9386,0,59,?,>50K
23,Private,352139,Some-college,10,Never-married,Other-service,Not-in-family,White,Female,0,0,24,United-States,<=50K
55,Private,173093,Some-college,10,Divorced,Adm-clerical,Not-in-family,Asian-Pac-Islander,Female,0,0,40,United-States,<=50K
26,Private,181655,Assoc-voc,11,Married-civ-spouse,Adm-clerical,Husband,White,Male,0,2377,45,United-States,<=50K
25,Private,332702,Assoc-voc,11,Never-married,Other-service,Own-child,White,Female,0,0,15,United-States,<=50K
45,?,51164,Some-college,10,Married-civ-spouse,?,Wife,Black,Female,0,0,40,United-States,<=50K
35,Private,234901,Some-college,10,Married-civ-spouse,Craft-repair,Husband,White,Male,2407,0,40,United-States,<=50K
36,Private,131414,Some-college,10,Never-married,Sales,Not-in-family,Black,Female,0,0,36,United-States,<=50K
43,State-gov,260960,Bachelors,13,Married-civ-spouse,Prof-specialty,Husband,White,Male,0,0,50,United-States,<=50K
56,Private,156052,HS-grad,9,Widowed,Other-service,Unmarried,Black,Female,594,0,20,United-States,<=50K
42,Private,279914,Bachelors,13,Married-civ-spouse,Tech-support,Husband,White,Male,0,0,40,United-States,>50K
19,Private,192453,Some-college,10,Never-married,Other-service,Other-relative,White,Female,0,0,25,United-States,<=50K
55,Self-emp-not-inc,200939,HS-grad,9,Married-civ-spouse,Transport-moving,Husband,White,Male,0,0,72,United-States,<=50K
42,Private,151408,Masters,14,Never-married,Exec-managerial,Not-in-family,White,Female,14084,0,50,United-States,>50K
26,Private,112847,Assoc-voc,11,Never-married,Tech-support,Own-child,White,Male,0,0,40,United-States,<=50K
17,Private,316929,12th,8,Never-married,Handlers-cleaners,Own-child,White,Male,0,0,20,United-States,<=50K
42,Local-gov,126319,Bachelors,13,Married-civ-spouse,Prof-specialty,Wife,White,Female,0,0,40,United-States,>50K
55,Private,197422,HS-grad,9,Married-civ-spouse,Transport-moving,Husband,White,Male,7688,0,40,United-States,>50K
32,Private,267736,Some-college,10,Never-married,Adm-clerical,Own-child,Black,Female,0,0,40,United-States,<=50K
29,Private,267034,11th,7,Never-married,Craft-repair,Own-child,Black,Male,0,0,40,Haiti,<=50K
46,State-gov,193047,Bachelors,13,Married-civ-spouse,Prof-specialty,Husband,White,Male,0,0,37,United-States,<=50K
29,State-gov,356089,Bachelors,13,Married-civ-spouse,Exec-managerial,Husband,White,Male,7688,0,40,United-States,>50K
22,Private,223515,Bachelors,13,Never-married,Prof-specialty,Unmarried,White,Male,0,0,20,United-States,<=50K
58,Self-emp-not-inc,87510,10th,6,Married-civ-spouse,Craft-repair,Husband,White,Male,0,0,40,United-States,<=50K
23,Private,145111,HS-grad,9,Never-married,Transport-moving,Unmarried,White,Male,0,0,50,United-States,<=50K
39,Private,48093,HS-grad,9,Never-married,Handlers-cleaners,Not-in-family,White,Male,0,0,40,United-States,<=50K
27,Private,31757,Assoc-voc,11,Never-married,Craft-repair,Own-child,White,Male,0,0,38,United-States,<=50K
54,Private,285854,HS-grad,9,Married-civ-spouse,Transport-moving,Husband,White,Male,0,0,40,United-States,>50K
33,Local-gov,120064,Bachelors,13,Never-married,Prof-specialty,Not-in-family,White,Female,0,0,45,United-States,<=50K
46,Federal-gov,167381,HS-grad,9,Married-civ-spouse,Adm-clerical,Wife,White,Female,0,0,40,United-States,>50K
37,Private,103408,HS-grad,9,Never-married,Farming-fishing,Not-in-family,Black,Male,0,0,40,United-States,<=50K
36,Private,101460,HS-grad,9,Never-married,Other-service,Not-in-family,White,Female,0,0,18,United-States,<=50K
59,Local-gov,420537,HS-grad,9,Married-civ-spouse,Adm-clerical,Wife,White,Female,0,0,38,United-States,>50K
34,Local-gov,119411,HS-grad,9,Divorced,Protective-serv,Unmarried,White,Male,0,0,40,Portugal,<=50K
53,Self-emp-inc,128272,Doctorate,16,Married-civ-spouse,Exec-managerial,Husband,White,Male,0,0,70,United-States,>50K
51,Private,386773,Bachelors,13,Never-married,Sales,Not-in-family,White,Male,0,0,55,United-States,>50K
32,Private,283268,10th,6,Separated,Other-service,Unmarried,White,Female,0,0,42,United-States,<=50K
31,State-gov,301526,Some-college,10,Married-spouse-absent,Other-service,Other-relative,White,Male,0,0,40,United-States,<=50K
22,Private,151790,Some-college,10,Married-civ-spouse,Sales,Wife,White,Female,0,0,30,Germany,<=50K
47,Self-emp-not-inc,106252,Bachelors,13,Divorced,Sales,Not-in-family,White,Female,0,0,50,United-States,<=50K
32,Private,188557,HS-grad,9,Never-married,Machine-op-inspct,Not-in-family,White,Male,0,0,40,United-States,<=50K
26,Private,171114,Some-college,10,Never-married,Farming-fishing,Not-in-family,White,Female,0,0,38,United-States,<=50K
37,Private,327323,5th-6th,3,Separated,Farming-fishing,Not-in-family,White,Male,0,0,32,Guatemala,<=50K
31,Private,244147,HS-grad,9,Divorced,Craft-repair,Unmarried,White,Male,0,0,55,United-States,<=50K
37,Private,280282,Assoc-voc,11,Married-civ-spouse,Tech-support,Wife,White,Female,0,0,24,United-States,>50K
55,Private,116442,HS-grad,9,Never-married,Sales,Not-in-family,White,Male,0,0,38,United-States,<=50K
23,Local-gov,282579,Assoc-voc,11,Divorced,Tech-support,Not-in-family,White,Male,0,0,56,United-States,<=50K
36,Private,51838,Some-college,10,Divorced,Adm-clerical,Unmarried,White,Female,0,0,40,United-States,<=50K
34,Private,73585,Masters,14,Married-civ-spouse,Prof-specialty,Husband,White,Male,0,0,40,?,<=50K
43,Private,226902,Bachelors,13,Married-civ-spouse,Sales,Husband,White,Male,0,0,50,United-States,>50K
54,Private,279129,Some-college,10,Never-married,Tech-support,Not-in-family,White,Male,0,0,40,United-States,<=50K
43,State-gov,146908,Some-college,10,Married-civ-spouse,Craft-repair,Husband,White,Male,0,0,40,?,<=50K
28,Private,196690,Assoc-voc,11,Never-married,Machine-op-inspct,Not-in-family,White,Female,0,1669,42,United-States,<=50K
40,Private,130760,Assoc-voc,11,Married-civ-spouse,Exec-managerial,Husband,White,Male,0,0,50,United-States,>50K
41,Self-emp-not-inc,49572,Some-college,10,Married-civ-spouse,Exec-managerial,Husband,White,Male,0,0,60,United-States,<=50K
40,Private,237601,Bachelors,13,Never-married,Sales,Not-in-family,Other,Female,0,0,55,United-States,>50K
42,Private,169628,Some-college,10,Divorced,Adm-clerical,Not-in-family,Black,Female,0,0,38,United-States,<=50K
61,Self-emp-not-inc,36671,HS-grad,9,Married-civ-spouse,Farming-fishing,Husband,White,Male,0,2352,50,United-States,<=50K
18,Private,231193,12th,8,Never-married,Machine-op-inspct,Own-child,White,Male,0,0,30,United-States,<=50K
59,?,192130,HS-grad,9,Married-civ-spouse,?,Husband,White,Male,0,0,16,United-States,<=50K
21,?,149704,HS-grad,9,Never-married,?,Not-in-family,White,Female,1055,0,40,United-States,<=50K
48,Private,102102,Assoc-voc,11,Married-civ-spouse,Tech-support,Husband,White,Male,0,0,50,United-States,>50K
41,Self-emp-inc,32185,Bachelors,13,Married-civ-spouse,Tech-support,Husband,White,Male,0,0,40,United-States,<=50K
18,?,196061,Some-college,10,Never-married,?,Own-child,White,Male,0,0,33,United-States,<=50K
23,Private,211046,HS-grad,9,Never-married,Sales,Not-in-family,White,Female,2463,0,40,United-States,<=50K
60,Private,31577,HS-grad,9,Married-civ-spouse,Transport-moving,Husband,White,Male,0,0,60,United-States,>50K
22,Private,162343,Some-college,10,Never-married,Other-service,Other-relative,Black,Male,0,0,20,United-States,<=50K
61,Private,128831,HS-grad,9,Married-civ-spouse,Machine-op-inspct,Husband,White,Male,0,0,40,United-States,<=50K
25,Private,316688,HS-grad,9,Never-married,Machine-op-inspct,Not-in-family,Black,Male,0,0,40,United-States,<=50K
46,Private,90758,Masters,14,Never-married,Tech-support,Not-in-family,White,Male,0,0,35,United-States,>50K
43,Private,274363,Bachelors,13,Married-civ-spouse,Exec-managerial,Husband,White,Male,0,1902,40,England,>50K
43,Private,154538,Assoc-acdm,12,Divorced,Craft-repair,Not-in-family,White,Male,0,0,40,United-States,<=50K
24,Private,106085,HS-grad,9,Never-married,Other-service,Own-child,Black,Male,0,1721,30,United-States,<=50K
68,Self-emp-not-inc,315859,11th,7,Never-married,Farming-fishing,Unmarried,White,Male,0,0,20,United-States,<=50K
31,Private,51471,HS-grad,9,Divorced,Adm-clerical,Unmarried,White,Female,0,0,38,United-States,<=50K
17,Private,193830,11th,7,Never-married,Sales,Own-child,White,Female,0,0,20,United-States,<=50K
32,Private,231043,HS-grad,9,Married-civ-spouse,Craft-repair,Husband,White,Male,5178,0,48,United-States,>50K
50,?,23780,Masters,14,Married-spouse-absent,?,Other-relative,White,Male,0,0,40,United-States,<=50K
33,Private,169879,Bachelors,13,Married-civ-spouse,Prof-specialty,Husband,White,Male,3103,0,47,United-States,>50K
64,Private,270333,Bachelors,13,Married-civ-spouse,Prof-specialty,Husband,White,Male,0,0,40,United-States,>50K
20,Private,138768,HS-grad,9,Never-married,Transport-moving,Own-child,White,Male,0,0,30,United-States,<=50K
30,Private,191571,HS-grad,9,Separated,Other-service,Own-child,White,Female,0,0,36,United-States,<=50K
22,?,219941,Some-college,10,Never-married,?,Own-child,Black,Male,0,0,40,United-States,<=50K
43,Private,94113,Some-college,10,Divorced,Exec-managerial,Not-in-family,White,Male,0,0,45,United-States,<=50K
22,Private,137510,Some-college,10,Never-married,Adm-clerical,Own-child,White,Male,0,0,40,United-States,<=50K
17,Private,32607,10th,6,Never-married,Farming-fishing,Own-child,White,Male,0,0,20,United-States,<=50K
47,Self-emp-not-inc,93208,HS-grad,9,Married-civ-spouse,Other-service,Wife,White,Female,0,0,75,Italy,<=50K
41,Private,254440,Assoc-voc,11,Never-married,Prof-specialty,Not-in-family,White,Female,0,0,60,United-States,<=50K
56,Private,186556,Some-college,10,Married-civ-spouse,Craft-repair,Husband,White,Male,0,0,50,United-States,>50K
64,Private,169871,HS-grad,9,Married-civ-spouse,Transport-moving,Husband,White,Male,0,0,45,United-States,<=50K
47,Private,191277,HS-grad,9,Married-civ-spouse,Transport-moving,Husband,White,Male,0,0,50,United-States,>50K
48,Private,167159,Assoc-voc,11,Never-married,Adm-clerical,Unmarried,White,Male,0,0,40,United-States,<=50K
31,Private,171871,Masters,14,Never-married,Prof-specialty,Not-in-family,White,Female,0,0,46,United-States,<=50K
29,Private,154411,Assoc-voc,11,Never-married,Tech-support,Own-child,White,Male,0,0,40,United-States,<=50K
30,Private,129227,HS-grad,9,Widowed,Adm-clerical,Not-in-family,White,Female,0,0,40,United-States,<=50K
32,Private,110331,HS-grad,9,Married-civ-spouse,Exec-managerial,Husband,White,Male,0,1672,60,United-States,<=50K
57,Private,34269,HS-grad,9,Widowed,Transport-moving,Unmarried,White,Male,0,653,42,United-States,>50K
62,Private,174355,HS-grad,9,Widowed,Other-service,Not-in-family,White,Female,0,0,40,United-States,<=50K
39,Private,680390,HS-grad,9,Separated,Machine-op-inspct,Unmarried,White,Female,0,0,24,United-States,<=50K
43,Private,233130,Some-college,10,Never-married,Adm-clerical,Not-in-family,White,Male,0,0,25,United-States,<=50K
24,Self-emp-inc,165474,Bachelors,13,Never-married,Sales,Own-child,White,Male,0,0,40,United-States,<=50K
42,?,257780,11th,7,Married-civ-spouse,?,Husband,White,Male,0,0,15,United-States,<=50K
53,Private,194259,Some-college,10,Married-civ-spouse,Adm-clerical,Wife,White,Female,4386,0,40,United-States,>50K
26,Private,280093,Some-college,10,Never-married,Handlers-cleaners,Own-child,White,Male,0,0,40,United-States,<=50K
73,Self-emp-not-inc,177387,HS-grad,9,Married-civ-spouse,Exec-managerial,Husband,White,Male,0,0,40,United-States,<=50K
72,?,28929,11th,7,Widowed,?,Not-in-family,White,Female,0,0,24,United-States,<=50K
55,Private,105304,HS-grad,9,Married-civ-spouse,Machine-op-inspct,Husband,White,Male,0,0,40,United-States,<=50K
25,Private,499233,HS-grad,9,Divorced,Adm-clerical,Not-in-family,White,Male,0,0,40,United-States,<=50K
41,Private,180572,Bachelors,13,Divorced,Prof-specialty,Not-in-family,White,Female,0,0,50,United-States,>50K
24,Private,321435,Bachelors,13,Never-married,Exec-managerial,Not-in-family,White,Male,0,0,50,United-States,<=50K
63,Private,86108,HS-grad,9,Widowed,Farming-fishing,Not-in-family,White,Male,0,0,6,United-States,<=50K
17,Private,198124,11th,7,Never-married,Sales,Own-child,White,Male,0,0,20,United-States,<=50K
35,Private,135162,Some-college,10,Married-civ-spouse,Craft-repair,Husband,White,Male,0,0,50,United-States,<=50K
51,Private,146813,Some-college,10,Married-civ-spouse,Prof-specialty,Husband,White,Male,0,0,40,United-States,>50K
62,Local-gov,291175,Bachelors,13,Widowed,Prof-specialty,Not-in-family,White,Female,0,0,48,United-States,<=50K
55,Private,387569,HS-grad,9,Married-civ-spouse,Craft-repair,Husband,White,Male,4386,0,40,United-States,>50K
43,Private,102895,Some-college,10,Divorced,Prof-specialty,Not-in-family,White,Male,0,0,40,United-States,<=50K
40,Local-gov,33274,HS-grad,9,Divorced,Other-service,Not-in-family,White,Female,0,0,50,United-States,<=50K
37,Private,86551,Bachelors,13,Married-civ-spouse,Exec-managerial,Husband,White,Male,0,0,45,United-States,>50K